CRN_final,cohort,grant_date_real,grant_year,Award Offered (£),Sector,Enterprise Size,enterprise_size_clean,Is Lead Participant,Innovate UK Product Type,prior_iuk_grant_received,total_iuk_grants,grant_rank,Address Region,is_crf,prior_source_grant,inc_date,company_age_at_grant,R/O Postal region,Legal form,SME indicator,Number of current directors,no_financial_data,pregrant_year,pregrant_current_assets,pregrant_current_liabilities,pregrant_total_assets,pregrant_long_term_liabilities,pregrant_net_tangible_assets,pregrant_fixed_assets,pregrant_turnover,pregrant_profit_loss,pregrant_creditors,pregrant_total_liabilities,pregrant_net_assets,pregrant_current_ratio,pregrant_leverage_ratio,pregrant_working_capital,pregrant_profit_margin,pregrant_roa,corporate_psc_flag,sic_code_dg,accounts_overdue,last_accounts_date,n_grant_rows,total_award_allgrants,first_grant_year,last_grant_year,prior_iuk_grant_received_ever,survival_36m_final,follow_on_equity_3yr,further_grant_bh
SC414386,Cohort B,2016-01-01,2016,42000.0,AI & Data Economy,Medium,Medium,Yes,Procurement,0.0,1.0,1.0,Scotland,False,,2012-12-01,3.1,Scotland,Private Limited,1.0,1,0,2015,223536,-133200.0,280153,-11180.0,146953,56617.0,,,,-144380.0,135773.0,1.678,0.515361249031779,90336.0,,,0,74100.0,0,2026-04-10,1,42000.0,2016,2016,0.0,1,0.0,1.0
OC303989,Cohort C,2016-01-01,2016,150854.0,Clean Growth & Infrastructure,Medium,Medium,Yes,Collaborative R&D,1.0,2.0,1.0,London,False,,2003-02-25,12.8,London Inner,Limited Liability Partnership,1.0,7,0,2015,5447594,-960616.0,5702739,-2943123.0,4742123,255145.0,12009376.0,2329914.0,17407.0,-3903739.0,1799000.0,5.671,0.6845375529197462,4486978.0,0.194,0.409,0,,0,2025-09-04,1,150854.0,2016,2016,1.0,1,,
04657089,Cohort C,2016-01-01,2016,20238.0,Clean Growth & Infrastructure,Micro,Micro,No,Collaborative R&D,0.0,1.0,1.0,South West,False,,2003-05-02,12.7,West Midlands,Private Limited,1.0,0,0,2015,94950,-65933.0,100586,,34653,5636.0,,,,-65933.0,34653.0,1.44,0.6554888354244129,29017.0,,,0,26513.0,1,2023-11-09,1,20238.0,2016,2016,0.0,1,,
03509216,Cohort C,2016-01-01,2016,156971.0,Clean Growth & Infrastructure,Medium,Medium,Yes,Collaborative R&D,0.0,1.0,1.0,East Midlands,False,,1998-12-02,17.1,North West,Private Limited,1.0,2,0,2015,3769419,-1589011.0,5818731,-341759.0,4229720,2049312.0,6620432.0,621331.0,314.0,-1930770.0,3887961.0,2.372,0.3318197730742322,2180408.0,0.094,0.107,0,25110.0,1,2024-12-24,1,156971.0,2016,2016,0.0,1,,
09221340,Cohort C,2016-01-01,2016,290977.0,Clean Growth & Infrastructure,Micro,Micro,Yes,Collaborative R&D,1.0,9.0,1.0,East of England,False,,2014-09-16,1.3,Eastern,Private Limited,1.0,2,0,2015,1254861,-13072.0,1294861,,1241789,40000.0,,,,-13072.0,1281789.0,89.16025,0.01159327931658461,1241789.0,,,0,72190.0,0,2025-07-12,1,290977.0,2016,2016,1.0,1,,
01960455,Cohort C,2016-01-01,2016,86540.0,Clean Growth & Infrastructure,Medium,Medium,Yes,Feasibility Studies,1.0,15.0,1.0,West Midlands,False,,1985-11-18,30.1,West Midlands,Private Limited,1.0,4,0,2015,7141920,-2315955.0,12647381,-157705.0,10331426,5505461.0,7458240.0,-733297.0,-118361.0,-2473660.0,10173721.0,3.084,0.1955867384717832,4825965.0,-0.098,-0.058,0,72190.0,0,2025-09-17,1,86540.0,2016,2016,1.0,1,,
02654074,Cohort C,2016-01-01,2016,17176.0,Clean Growth & Infrastructure,Micro,Micro,No,Feasibility Studies,0.0,1.0,1.0,Yorkshire and The Humber,False,,1991-10-15,24.2,Yorks & Humberside,Private Limited,1.0,0,0,2015,87555,-188881.0,98758,-4940.0,-90123,11203.0,,,,-193821.0,-95063.0,0.464,1.962585309544543,-101326.0,,,0,74909.0,1,2019-10-11,1,17176.0,2016,2016,0.0,1,,
07068933,Cohort C,2016-01-01,2016,10993.0,Clean Growth & Infrastructure,Micro,Micro,No,Feasibility Studies,1.0,2.0,1.0,West Midlands,False,,2009-06-11,6.6,West Midlands,Private Limited,1.0,2,0,2015,581002,-199149.0,604305,-1837.0,405156,23303.0,,,,-200986.0,403319.0,2.917,0.3325903310414443,381853.0,,,0,82990.0,0,2025-09-13,1,10993.0,2016,2016,1.0,1,,
05849628,Cohort C,2016-01-01,2016,31428.0,Clean Growth & Infrastructure,Micro,Micro,Yes,Feasibility Studies,1.0,2.0,1.0,Yorkshire and The Humber,False,,2006-06-19,9.5,Yorks & Humberside,Private Limited,1.0,4,0,2015,47753,-109301.0,103338,,-61548,55585.0,,,,-109301.0,-5963.0,0.437,1.057703845632778,-61548.0,,,0,82990.0,0,2026-05-29,1,31428.0,2016,2016,1.0,1,,
07599502,Cohort C,2016-01-01,2016,69849.0,Clean Growth & Infrastructure,Small,Small,Yes,Feasibility Studies,0.0,1.0,1.0,South East,False,,2011-11-04,4.2,Southern,Private Limited,1.0,2,0,2015,2851797,-114020.0,3059763,,2812463,207966.0,,,,-114020.0,2945743.0,25.011,0.03726432406692937,2737777.0,,,0,72190.0,0,2025-12-18,1,69849.0,2016,2016,0.0,1,,
02677510,Cohort C,2016-01-01,2016,21040.0,Clean Growth & Infrastructure,Micro,Micro,No,Feasibility Studies,1.0,4.0,1.0,East Midlands,False,,1992-01-14,24.0,Eastern,Private Limited,1.0,0,0,2015,1196673,-1047240.0,1288994,-12847.0,241754,92321.0,,,,-1060087.0,228907.0,1.143,0.8224142238055414,149433.0,,,0,33190.0,1,2021-03-30,1,21040.0,2016,2016,1.0,1,,
03654492,Cohort C,2016-01-01,2016,21230.0,Clean Growth & Infrastructure,Micro,Micro,No,Feasibility Studies,1.0,3.0,1.0,West Midlands,False,,1998-10-22,17.2,West Midlands,Private Limited,1.0,2,0,2015,440227,-111776.0,489357,-1445.0,377581,49130.0,,,,-113221.0,376136.0,3.938,0.2313668753078019,328451.0,,,0,28131.0,0,2025-09-17,1,21230.0,2016,2016,1.0,1,,
SC371389,Cohort C,2016-01-01,2016,209134.0,Clean Growth & Infrastructure,Micro,Micro,Yes,Feasibility Studies,1.0,10.0,1.0,Scotland,False,,2010-01-19,5.9,Scotland,Private Limited,1.0,5,0,2015,47931,-22163.0,47931,,25768,,,,,-22163.0,25768.0,2.163,0.4623938578373078,25768.0,,,0,72190.0,0,2025-12-09,1,209134.0,2016,2016,1.0,1,,
02223413,Cohort C,2016-01-01,2016,86577.0,Clean Growth & Infrastructure,Small,Small,No,Collaborative R&D,1.0,2.0,1.0,Wales,False,,1988-02-22,27.9,East Midlands,Private Limited,1.0,0,0,2015,689402,-491652.0,1346160,-30833.0,574924,656758.0,,,,-522485.0,823675.0,1.402,0.3881299399774172,197750.0,,,0,20301.0,1,2021-03-30,1,86577.0,2016,2016,1.0,1,,
04089054,Cohort B,2016-02-01,2016,42000.0,AI & Data Economy,Micro,Micro,Yes,Procurement,0.0,1.0,1.0,London,False,,2000-12-10,15.1,London Outer,Private Limited,1.0,0,0,2015,6225,-91647.0,7657,,-83990,1432.0,,,,-91647.0,-83990.0,0.068,11.96904792999869,-85422.0,,,0,62012.0,1,2021-07-28,1,42000.0,2016,2016,0.0,1,,
07063626,Cohort B,2016-02-01,2016,350038.0,AI & Data Economy,Small,Small,Yes,Collaborative R&D,1.0,2.0,1.0,London,False,,2009-02-11,7.0,North West,Private Limited,1.0,0,0,2015,355898,-155004.0,362661,,207657,6763.0,,,,-155004.0,207657.0,2.296,0.4274074135349542,200894.0,,,0,62012.0,1,2024-02-27,1,350038.0,2016,2016,1.0,1,,
OC370009,Cohort C,2016-02-01,2016,8250.0,Clean Growth & Infrastructure,Medium,Medium,No,Collaborative R&D,0.0,1.0,1.0,London,False,,2011-11-21,4.2,London Inner,Limited Liability Partnership,1.0,6,0,2015,13791951,-4521185.0,15776167,-5000000.0,11254982,1984216.0,37890906.0,19063647.0,273736.0,-9521185.0,6254982.0,3.051,0.6035170013096337,9270766.0,0.503,1.208,0,,0,2026-05-20,1,8250.0,2016,2016,0.0,1,,
02498018,Cohort C,2016-02-01,2016,8566.0,Clean Growth & Infrastructure,Small,Small,No,Collaborative R&D,0.0,1.0,1.0,London,False,,1990-02-05,26.0,London Inner,Guarantee,1.0,18,0,2015,2936205,-1594223.0,2957067,,1362844,20862.0,2585566.0,194857.0,24772.0,-1594223.0,1362844.0,1.842,0.5391230567315519,1341982.0,0.075,0.066,0,94120.0,0,2025-09-11,1,8566.0,2016,2016,0.0,1,,
04641522,Cohort C,2016-02-01,2016,5135.0,Clean Growth & Infrastructure,Small,Small,No,Collaborative R&D,0.0,1.0,1.0,London,False,,2003-01-20,13.0,London Outer,Guarantee,1.0,4,0,2015,385472,-348291.0,385625,,37334,153.0,,,,-348291.0,37334.0,1.107,0.903185737439222,37181.0,,,0,74909.0,0,2025-11-15,1,5135.0,2016,2016,0.0,1,,
07081510,Cohort C,2016-02-01,2016,177142.0,Clean Growth & Infrastructure,Small,Small,Yes,Collaborative R&D,1.0,2.0,1.0,South East,False,,2009-11-19,6.2,Southern,Private Limited,1.0,4,0,2015,381801,-77415.0,384026,,306611,2225.0,,,,-77415.0,306611.0,4.932,0.2015879133183691,304386.0,,,0,74901.0,0,2026-03-16,1,177142.0,2016,2016,1.0,1,,
05195829,Cohort C,2016-02-01,2016,33854.0,Clean Growth & Infrastructure,Micro,Micro,No,Collaborative R&D,1.0,2.0,1.0,East of England,False,,2004-03-08,11.9,Eastern,Private Limited,1.0,1,0,2015,283,-12640.0,608,,-12032,325.0,,,,-12640.0,-12032.0,0.022,20.78947368421053,-12357.0,,,0,71111.0,0,2025-10-17,1,33854.0,2016,2016,1.0,1,,
05724766,Cohort C,2016-02-01,2016,55488.0,Clean Growth & Infrastructure,Micro,Micro,No,Collaborative R&D,1.0,2.0,1.0,London,False,,2006-02-28,9.9,Southern,Private Limited,1.0,1,0,2015,34564,-29039.0,34564,,5525,,,,,-29039.0,5525.0,1.19,0.8401516028237472,5525.0,,,0,42990.0,0,2025-12-29,1,55488.0,2016,2016,1.0,1,,
04050834,Cohort C,2016-02-01,2016,88744.0,Clean Growth & Infrastructure,Medium,Medium,Yes,Feasibility Studies,1.0,4.0,1.0,North West,False,,2000-10-08,15.3,North West,Private Limited,1.0,0,0,2015,3753807,-1825239.0,3930509,-967917.0,2105270,176702.0,,,,-2793156.0,1137353.0,2.057,0.7106346786128718,1928568.0,,,0,72190.0,1,2023-11-27,1,88744.0,2016,2016,1.0,1,,
08804598,Cohort B,2016-03-01,2016,24500.0,AI & Data Economy,Micro,Micro,Yes,Feasibility Studies,0.0,1.0,1.0,West Midlands,False,,2013-06-12,2.7,Southern,Private Limited,,0,0,2015,886,-7463.0,886,,-6577,,,,,-7463.0,-6577.0,0.119,8.423250564334086,-6577.0,,,1,71122.0,1,2019-09-20,1,24500.0,2016,2016,0.0,1,1.0,0.0
07707982,Cohort B,2016-03-01,2016,42000.0,AI & Data Economy,Micro,Micro,Yes,Procurement,0.0,1.0,1.0,Yorkshire and The Humber,False,,2011-07-18,4.6,Yorks & Humberside,Private Limited,1.0,1,0,2015,46977,-22315.0,49203,-280.0,26888,2226.0,,,,-22595.0,26608.0,2.105,0.4592199662622198,24662.0,,,0,62011.0,0,2026-04-16,1,42000.0,2016,2016,0.0,1,0.0,1.0
SC370402,Cohort B,2016-03-01,2016,82394.0,AI & Data Economy,Small,Small,Yes,Launchpad,0.0,1.0,1.0,Scotland,False,,2009-12-21,6.2,Scotland,Private Limited,1.0,2,0,2015,572760,-470175.0,621611,-23864.0,150086,48851.0,2772615.0,113020.0,33760.0,-494039.0,127572.0,1.218,0.7947719715384702,102585.0,0.041,0.182,0,74909.0,0,2026-03-30,1,82394.0,2016,2016,0.0,1,0.0,1.0
SC466144,Cohort B,2016-03-01,2016,83171.0,AI & Data Economy,Micro,Micro,Yes,Launchpad,0.0,1.0,1.0,Scotland,False,,2013-12-19,2.2,Scotland,Private Limited,1.0,0,0,2015,1776,-23400.0,26303,,2903,24527.0,,,,-23400.0,2903.0,0.076,0.8896323613276053,-21624.0,,,0,63120.0,1,2023-06-19,1,83171.0,2016,2016,0.0,1,1.0,0.0
03017339,Cohort C,2016-03-01,2016,67225.0,Clean Growth & Infrastructure,Small,Small,No,Collaborative R&D,1.0,2.0,1.0,East of England,False,,1995-02-02,21.1,Eastern,Private Limited,1.0,1,0,2015,413003,-223898.0,758670,,534772,345667.0,,,,-223898.0,534772.0,1.845,0.2951190899864236,189105.0,,,0,28990.0,0,2025-12-23,1,67225.0,2016,2016,1.0,1,,
07523447,Cohort C,2016-03-01,2016,119500.0,Clean Growth & Infrastructure,Micro,Micro,Yes,Feasibility Studies,1.0,11.0,1.0,South East,False,,2011-09-02,4.5,Southern,Private Limited,1.0,1,0,2015,84401,-9424.0,84911,,75487,510.0,,,,-9424.0,75487.0,8.956,0.1109867979413739,74977.0,,,0,20590.0,0,2025-11-21,1,119500.0,2016,2016,1.0,1,,
08973931,Cohort C,2016-03-01,2016,950059.0,Clean Growth & Infrastructure,Small,Small,No,Collaborative R&D,0.0,1.0,1.0,London,False,,2014-02-04,2.1,London Inner,Private Limited,,1,0,2015,384490,-254048.0,415695,,161647,31205.0,,,,-254048.0,161647.0,1.513,0.6111403793646785,130442.0,,,0,63990.0,0,2026-02-01,1,950059.0,2016,2016,0.0,1,,
08804271,Cohort B,2016-04-01,2016,42000.0,AI & Data Economy,Micro,Micro,Yes,Procurement,0.0,1.0,1.0,South East,False,,2013-05-12,2.9,Southern,Private Limited,1.0,0,0,2015,30240,-16251.0,30240,,13989,,,,,-16251.0,13989.0,1.861,0.5374007936507936,13989.0,,,0,72190.0,1,2019-09-25,1,42000.0,2016,2016,0.0,1,,
05653191,Cohort C,2016-04-01,2016,109190.0,Clean Growth & Infrastructure,Micro,Micro,No,Collaborative R&D,0.0,1.0,1.0,South West,False,,2005-12-13,10.3,West Midlands,Private Limited,1.0,1,0,2015,115134,-105712.0,136845,-15868.0,31133,21711.0,,,,-121580.0,15265.0,1.089,0.888450436625379,9422.0,,,0,70229.0,0,2025-08-28,1,109190.0,2016,2016,0.0,1,,
07002484,Cohort C,2016-04-01,2016,226806.0,Clean Growth & Infrastructure,Micro,Micro,Yes,Collaborative R&D,0.0,1.0,1.0,East Midlands,False,,2009-08-27,6.6,East Midlands,Private Limited,1.0,2,0,2015,27519,-22836.0,30258,,7422,2739.0,,,,-22836.0,7422.0,1.205,0.7547094983144953,4683.0,,,0,43999.0,0,2025-07-31,1,226806.0,2016,2016,0.0,1,,
08053370,Cohort B,2016-05-01,2016,41604.0,AI & Data Economy,Micro,Micro,Yes,Procurement,1.0,3.0,1.0,South East,False,,2012-01-05,4.3,Southern,Private Limited,1.0,2,0,2015,20054,-12073.0,21614,-312.0,9541,1560.0,,,,-12385.0,9229.0,1.661,0.5730082354029795,7981.0,,,0,62012.0,0,2025-10-01,1,41604.0,2016,2016,1.0,1,,
09196649,Cohort B,2016-05-01,2016,34320.0,AI & Data Economy,Micro,Micro,Yes,Procurement,0.0,1.0,1.0,South East,False,,2014-08-30,1.7,South Eastern,Private Limited,1.0,2,0,2015,252,-2954.0,2709,,-245,2457.0,,,,-2954.0,-245.0,0.085,1.090439276485788,-2702.0,,,0,85520.0,0,2025-10-12,1,34320.0,2016,2016,0.0,1,0.0,0.0
08417106,Cohort B,2016-05-01,2016,42000.0,AI & Data Economy,Micro,Micro,Yes,Procurement,1.0,2.0,1.0,South East,False,,2013-02-25,3.2,Southern,Private Limited,1.0,2,0,2015,20143,-14749.0,36553,,8020,16410.0,,,,-14749.0,21804.0,1.366,0.4034962930539217,5394.0,,,0,62012.0,0,2025-09-25,1,42000.0,2016,2016,1.0,1,0.0,1.0
08812630,Cohort B,2016-05-01,2016,41520.0,AI & Data Economy,Micro,Micro,Yes,Procurement,0.0,1.0,1.0,London,False,,2013-12-12,2.4,West Midlands,Private Limited,1.0,0,0,2015,125031,-81573.0,310249,-76219.0,44676,185218.0,,,,-157792.0,152457.0,1.533,0.5085979326283082,43458.0,,,0,63120.0,1,2021-09-30,1,41520.0,2016,2016,0.0,1,0.0,0.0
09258434,Cohort C,2016-05-01,2016,21653.0,Clean Growth & Infrastructure,Micro,Micro,Yes,Feasibility Studies,0.0,1.0,1.0,North East,False,,2014-10-10,1.6,Yorks & Humberside,Private Limited,1.0,0,0,2015,18822,-4442.0,19530,-31077.0,15088,708.0,,,,-35519.0,-15989.0,4.237,1.818689196108551,14380.0,,,0,62012.0,1,2021-06-07,1,21653.0,2016,2016,0.0,1,,
08802680,Cohort C,2016-05-01,2016,20723.0,Clean Growth & Infrastructure,Small,Small,No,Feasibility Studies,0.0,1.0,1.0,North East,False,,2013-04-12,3.1,Northern,Guarantee,1.0,18,0,2015,84760,-31918.0,85660,,53742,900.0,678958.0,53742.0,,-31918.0,53742.0,2.656,0.3726126546812982,52842.0,0.079,0.627,0,94990.0,0,2025-12-05,1,20723.0,2016,2016,0.0,1,,
04479217,Cohort C,2016-05-01,2016,374841.0,Clean Growth & Infrastructure,Small,Small,No,Collaborative R&D,1.0,4.0,1.0,West Midlands,False,,2002-05-07,14.0,North West,Private Limited,1.0,0,0,2015,717031,-9905273.0,1436709,-466740.0,-8468564,719678.0,128243.0,-3285218.0,-211330.0,-10372013.0,-8935304.0,0.072,7.219285881831325,-9188242.0,-25.617,-2.287,0,32990.0,1,2023-10-06,1,374841.0,2016,2016,1.0,1,,
06414686,Cohort C,2016-05-01,2016,230848.0,Clean Growth & Infrastructure,Micro,Micro,Yes,Feasibility Studies,1.0,6.0,1.0,North East,False,,2007-10-31,8.5,Yorks & Humberside,Private Limited,1.0,0,0,2015,26151,-120021.0,85361,,-90262,59210.0,,,,-120021.0,-34660.0,0.218,1.406040229144457,-93870.0,,,0,72190.0,1,2022-12-07,1,230848.0,2016,2016,1.0,1,,
03900983,Cohort C,2016-05-01,2016,745550.0,Clean Growth & Infrastructure,Small,Small,Yes,Collaborative R&D,1.0,6.0,1.0,London,False,,1999-12-30,16.3,North West,Private Limited,1.0,0,0,2015,317080,-32930.0,317080,,284150,,,,,-32930.0,284150.0,9.629,0.1038539169925571,284150.0,,,0,43220.0,0,2025-09-30,1,745550.0,2016,2016,1.0,1,,
09137387,Cohort C,2016-05-01,2016,148062.0,Clean Growth & Infrastructure,Micro,Micro,No,Collaborative R&D,1.0,3.0,1.0,South East,False,,2014-07-18,1.8,Southern,Private Limited,1.0,8,0,2015,32672,-10253.0,33455,,23202,783.0,,,,-10253.0,23202.0,3.187,0.3064713794649529,22419.0,,,0,71129.0,0,2025-11-19,1,148062.0,2016,2016,1.0,1,,
04872078,Cohort C,2016-05-01,2016,341844.0,Clean Growth & Infrastructure,Small,Small,No,Collaborative R&D,0.0,1.0,1.0,East of England,False,,2003-08-20,12.7,Southern,Private Limited,1.0,2,0,2015,328835,-405900.0,655676,-94966.0,249776,326841.0,,,,-500866.0,154810.0,0.81,0.7638925322872883,-77065.0,,,0,43130.0,0,2025-11-25,1,341844.0,2016,2016,0.0,1,,
08329445,Cohort B,2016-06-01,2016,96004.0,AI & Data Economy,Micro,Micro,No,Collaborative R&D,0.0,1.0,1.0,London,False,,2012-12-13,3.5,South Eastern,Private Limited,1.0,0,0,2015,1096,-399.0,9646,,9247,8550.0,,,,-399.0,9247.0,2.747,0.04136429608127722,697.0,,,0,58290.0,1,2019-01-24,1,96004.0,2016,2016,0.0,1,,
02072488,Cohort C,2016-06-01,2016,95837.0,Clean Growth & Infrastructure,Small,Small,No,Collaborative R&D,0.0,1.0,1.0,South East,False,,1986-10-11,29.6,Southern,Private Limited,1.0,2,0,2015,511303,-185781.0,672464,-216887.0,486683,161161.0,,,,-402668.0,269796.0,2.752,0.5987948797259035,325522.0,,,0,27900.0,0,2025-09-30,1,95837.0,2016,2016,0.0,1,,
06780480,Cohort C,2016-06-01,2016,21522.0,Clean Growth & Infrastructure,Micro,Micro,No,Feasibility Studies,0.0,1.0,1.0,South East,False,,2008-12-29,7.4,Southern,Private Limited,1.0,2,0,2015,78609,-75244.0,81601,,6357,2992.0,,,,-75244.0,6357.0,1.045,0.9220965429345228,3365.0,,,0,70229.0,0,2025-06-10,1,21522.0,2016,2016,0.0,1,,
08098915,Cohort C,2016-06-01,2016,24296.0,Clean Growth & Infrastructure,Micro,Micro,No,Feasibility Studies,1.0,4.0,1.0,South East,False,,2012-08-06,3.8,South Eastern,Private Limited,1.0,8,0,2015,28759,-121533.0,28759,,-92774,,,,,-121533.0,-92774.0,0.237,4.225911888452311,-92774.0,,,0,71200.0,0,2026-03-09,1,24296.0,2016,2016,1.0,1,,
04193270,Cohort C,2016-06-01,2016,24181.0,Clean Growth & Infrastructure,Micro,Micro,Yes,Feasibility Studies,0.0,1.0,1.0,East of England,False,,2001-03-04,15.2,Eastern,Private Limited,1.0,1,0,2015,4994,-10425.0,11612,-1046.0,1187,6618.0,,,,-11471.0,141.0,0.479,0.9878573889080262,-5431.0,,,0,82990.0,0,2025-11-13,1,24181.0,2016,2016,0.0,1,,
08353379,Cohort C,2016-06-01,2016,271000.0,Clean Growth & Infrastructure,Small,Small,Yes,Collaborative R&D,0.0,1.0,1.0,South West,False,,2013-09-01,2.7,Southern,Private Limited,1.0,0,0,2015,3235033,-4182783.0,3248188,-14267218.0,-939143,13155.0,,,,-18450001.0,-15201813.0,0.773,5.680090253396663,-947750.0,,,0,64209.0,1,2019-11-12,1,271000.0,2016,2016,0.0,1,,
06031724,Cohort C,2016-06-01,2016,52109.0,Clean Growth & Infrastructure,Small,Small,No,Collaborative R&D,1.0,2.0,1.0,London,False,,2006-12-18,9.5,South Western,Private Limited,1.0,2,0,2015,638883,-169470.0,661682,,492212,22799.0,,,,-169470.0,492212.0,3.77,0.2561200093096079,469413.0,,,0,71129.0,0,2025-12-23,1,52109.0,2016,2016,1.0,1,,
06758978,Cohort C,2016-06-01,2016,42546.0,Clean Growth & Infrastructure,Small,Small,No,Collaborative R&D,0.0,1.0,1.0,South West,False,,2008-11-26,7.5,South Western,Private Limited,1.0,2,0,2015,1168160,-1004533.0,2366715,-476794.0,1362182,1198555.0,,,,-1481327.0,885388.0,1.163,0.6259000344359165,163627.0,,,0,82990.0,0,2026-04-17,1,42546.0,2016,2016,0.0,1,,
05416158,Cohort C,2016-06-01,2016,119937.0,Clean Growth & Infrastructure,Micro,Micro,No,Collaborative R&D,0.0,1.0,1.0,East Midlands,False,,2005-06-04,11.0,Southern,Private Limited,1.0,2,0,2015,28210,-27522.0,28436,,914,226.0,,,,-27522.0,914.0,1.025,0.9678576452384302,688.0,,,0,62012.0,0,2026-03-03,1,119937.0,2016,2016,0.0,1,,
09062093,Cohort C,2016-06-01,2016,188558.0,Clean Growth & Infrastructure,Micro,Micro,No,Collaborative R&D,1.0,3.0,1.0,South East,False,,2014-05-29,2.0,South Western,Private Limited,1.0,2,0,2015,1,,1,,1,,,,,,,,,,,,0,63990.0,0,2026-02-27,1,188558.0,2016,2016,1.0,1,,
07585408,Cohort C,2016-06-01,2016,303342.0,Clean Growth & Infrastructure,Small,Small,No,Collaborative R&D,1.0,4.0,1.0,South East,False,,2011-03-31,5.2,Southern,Private Limited,1.0,2,0,2015,182319,-422406.0,184876,,-237530,2557.0,,,,-422406.0,-237530.0,0.432,2.284807113957463,-240087.0,,,0,62090.0,0,2025-12-04,1,303342.0,2016,2016,1.0,1,,
05741006,Cohort C,2016-06-01,2016,4895.0,Clean Growth & Infrastructure,Micro,Micro,No,Collaborative R&D,0.0,1.0,1.0,North West,False,,2006-03-13,10.2,North West,Guarantee,1.0,0,0,2015,171977,-62888.0,180076,-12540.0,117188,8099.0,,,,-75428.0,104648.0,2.735,0.4188675892400986,109089.0,,,0,71112.0,1,2022-11-23,1,4895.0,2016,2016,0.0,1,,
08158942,Cohort C,2016-06-01,2016,8670.0,Clean Growth & Infrastructure,Medium,Medium,No,Collaborative R&D,0.0,1.0,1.0,London,False,,2012-07-27,3.8,London Inner,Private Limited,1.0,0,0,2015,3897000,-2279000.0,4143000,,1864000,246000.0,13002000.0,1032000.0,104000.0,-2279000.0,1864000.0,1.71,0.5500844798455226,1618000.0,0.079,0.249,0,74909.0,1,2019-09-27,1,8670.0,2016,2016,0.0,1,,
06759291,Cohort C,2016-06-01,2016,18663.0,Clean Growth & Infrastructure,Micro,Micro,No,Collaborative R&D,0.0,1.0,1.0,Yorkshire and The Humber,False,,2008-11-26,7.5,Yorks & Humberside,Private Limited,1.0,0,0,2015,23508,-14907.0,23598,,8691,90.0,,,,-14907.0,8691.0,1.577,0.6317060767861683,8601.0,,,0,59113.0,1,2018-08-30,1,18663.0,2016,2016,0.0,1,,
OC316099,Cohort C,2016-06-01,2016,20966.0,Clean Growth & Infrastructure,Small,Small,No,Collaborative R&D,0.0,1.0,1.0,East of England,False,,2005-10-11,10.6,Eastern,Limited Liability Partnership,,2,0,2015,74870,-22888.0,75487,,52599,617.0,,,,-22888.0,52599.0,3.271,0.303204525282499,51982.0,,,0,,1,2024-08-10,1,20966.0,2016,2016,0.0,1,,
07893442,Cohort C,2016-06-01,2016,122642.0,Clean Growth & Infrastructure,Micro,Micro,No,Collaborative R&D,0.0,1.0,1.0,South East,False,,2011-12-29,4.4,Southern,Private Limited,1.0,2,0,2015,241284,-177164.0,271624,,94460,30340.0,,,,-177164.0,94460.0,1.362,0.6522398609843019,64120.0,,,0,62020.0,0,2025-12-23,1,122642.0,2016,2016,0.0,1,,
08037159,Cohort B,2016-07-01,2016,90328.0,AI & Data Economy,Micro,Micro,Yes,Feasibility Studies,1.0,5.0,1.0,Scotland,False,,2012-04-19,4.2,East Midlands,Private Limited,1.0,1,0,2015,163545,-88965.0,166875,-46489.0,77910,3330.0,,,,-135454.0,31421.0,1.838,0.8117093632958802,74580.0,,,0,72190.0,0,2026-01-24,1,90328.0,2016,2016,1.0,1,0.0,1.0
SC211759,Cohort B,2016-07-01,2016,38077.0,AI & Data Economy,Small,Small,No,Feasibility Studies,1.0,22.0,1.0,Scotland,False,,2000-09-10,15.8,Scotland,Private Limited,1.0,3,0,2015,1865260,-1097976.0,2889859,-1940140.0,1706883,1024599.0,,,,-3038116.0,-148257.0,1.699,1.051302502994091,767284.0,,,1,26110.0,0,2025-06-13,1,38077.0,2016,2016,1.0,1,0.0,1.0
06338847,Cohort B,2016-07-01,2016,83267.0,AI & Data Economy,Micro,Micro,Yes,Feasibility Studies,1.0,18.0,1.0,South East,False,,2007-09-08,8.8,Southern,Private Limited,1.0,3,0,2015,520387,-85779.0,627046,-479760.0,456132,106659.0,,,,-565539.0,61507.0,6.067,0.9019099077260679,434608.0,,,1,72190.0,0,2025-09-26,1,83267.0,2016,2016,1.0,1,0.0,1.0
07081471,Cohort B,2016-07-01,2016,217454.0,AI & Data Economy,Micro,Micro,Yes,Collaborative R&D,1.0,5.0,1.0,South East,False,,2009-11-19,6.6,Southern,Private Limited,1.0,2,0,2015,175717,-28267.0,189016,,160749,13299.0,,,,-28267.0,160749.0,6.216,0.1495481863969188,147450.0,,,0,62020.0,0,2026-01-07,1,217454.0,2016,2016,1.0,1,0.0,1.0
07573638,Cohort B,2016-07-01,2016,96093.0,AI & Data Economy,Small,Small,No,Collaborative R&D,1.0,2.0,1.0,London,False,,2011-03-22,5.3,Southern,Private Limited,1.0,0,0,2015,573452,-2687034.0,866787,,-1820247,293335.0,2286573.0,-1273968.0,160934.0,-2687034.0,-1820247.0,0.213,3.099993423989977,-2113582.0,-0.557,-1.47,0,59111.0,1,2017-03-02,1,96093.0,2016,2016,1.0,0,,
06990585,Cohort B,2016-07-01,2016,144047.0,AI & Data Economy,Small,Small,No,Collaborative R&D,1.0,4.0,1.0,South East,False,,2009-08-14,6.9,London Inner,Private Limited,1.0,1,0,2015,576941,-247509.0,725756,-29763.0,478247,148815.0,,,,-277272.0,448484.0,2.331,0.3820457564250244,329432.0,,,0,59120.0,0,2025-05-29,1,144047.0,2016,2016,1.0,1,,
04642027,Cohort B,2016-07-01,2016,191347.0,AI & Data Economy,Medium,Medium,Yes,Collaborative R&D,1.0,6.0,1.0,London,False,,2003-01-20,13.4,West Midlands,Private Limited,0.0,5,0,2015,35712000,-15962000.0,42116000,-60000.0,24511000,6404000.0,31275000.0,4764000.0,-236067.0,-16022000.0,26094000.0,2.237,0.3804254914996676,19750000.0,0.152,0.113,1,62090.0,0,2025-07-16,1,191347.0,2016,2016,1.0,1,0.0,1.0
08132505,Cohort B,2016-07-01,2016,198253.0,AI & Data Economy,Small,Small,Yes,Collaborative R&D,1.0,3.0,1.0,London,False,,2012-05-07,4.2,London Inner,Private Limited,1.0,2,0,2015,492338,-548494.0,611752,-1000.0,11353,119414.0,,,,-549494.0,62258.0,0.898,0.8982300017000353,-56156.0,,,0,59111.0,0,2025-06-25,1,198253.0,2016,2016,1.0,1,,
02931911,Cohort B,2016-07-01,2016,273111.0,AI & Data Economy,Micro,Micro,Yes,Collaborative R&D,0.0,1.0,1.0,South West,False,,1994-05-23,22.1,South Western,Private Limited,1.0,0,0,2015,271861,-192820.0,275123,,82303,3262.0,,,,-192820.0,82303.0,1.41,0.7008501651988384,79041.0,,,0,62030.0,1,2019-01-09,1,273111.0,2016,2016,0.0,1,0.0,0.0
05654040,Cohort B,2016-07-01,2016,87189.0,AI & Data Economy,Micro,Micro,No,Collaborative R&D,1.0,3.0,1.0,North West,False,,2005-12-14,10.5,North West,Private Limited,1.0,2,0,2015,103712,-49112.0,154469,-1843.0,105357,50757.0,,,,-50955.0,103514.0,2.112,0.329872013154743,54600.0,,,0,62030.0,0,2026-05-06,1,87189.0,2016,2016,1.0,1,0.0,1.0
08235460,Cohort C,2016-07-01,2016,24010.0,Clean Growth & Infrastructure,Medium,Medium,Yes,Feasibility Studies,1.0,2.0,1.0,London,False,,2012-01-10,4.5,London Inner,Private Limited,1.0,7,0,2015,644366,-107637.0,644366,,536729,,,,,-107637.0,536729.0,5.986,0.1670432642318186,536729.0,,,0,71111.0,0,2025-12-10,1,24010.0,2016,2016,1.0,1,,
04996104,Cohort C,2016-07-01,2016,54960.0,Clean Growth & Infrastructure,Micro,Micro,Yes,Feasibility Studies,1.0,2.0,1.0,Wales,False,,2003-12-16,12.5,East Midlands,Private Limited,1.0,0,0,2015,598793,-33492.0,605579,,572087,6786.0,,,,-33492.0,572087.0,17.879,0.05530574871321495,565301.0,,,0,72190.0,0,2025-03-27,1,54960.0,2016,2016,1.0,1,,
SC426874,Cohort C,2016-07-01,2016,67037.0,Clean Growth & Infrastructure,Micro,Micro,No,Collaborative R&D,0.0,1.0,1.0,Scotland,False,,2012-06-25,4.0,Scotland,Private Limited,1.0,5,0,2015,10213,-47691.0,10700,-36000.0,-36991,487.0,,,,-83691.0,-72991.0,0.214,7.821588785046729,-37478.0,,,0,62012.0,0,2025-07-21,1,67037.0,2016,2016,0.0,1,,
SC054448,Cohort C,2016-07-01,2016,35741.0,Clean Growth & Infrastructure,Small,Small,No,Collaborative R&D,1.0,3.0,1.0,Scotland,False,,1973-07-11,43.0,Scotland,Private Limited,1.0,4,0,2015,2423638,-668623.0,3256451,-176037.0,2587828,832813.0,,,,-844660.0,2411791.0,3.625,0.2593805342073319,1755015.0,,,0,27110.0,1,2025-03-27,1,35741.0,2016,2016,1.0,1,,
07296537,Cohort C,2016-07-01,2016,116558.0,Clean Growth & Infrastructure,Micro,Micro,No,Collaborative R&D,0.0,1.0,1.0,London,False,,2010-06-28,6.0,London Inner,Private Limited,1.0,0,0,2015,14325,-8937.0,16005,-336.0,7068,1680.0,,,,-9273.0,6732.0,1.603,0.5793814432989691,5388.0,,,0,62012.0,1,2024-11-08,1,116558.0,2016,2016,0.0,1,,
07203051,Cohort C,2016-07-01,2016,215855.0,Clean Growth & Infrastructure,Micro,Micro,Yes,Collaborative R&D,0.0,1.0,1.0,East of England,False,,2010-03-25,6.3,London Inner,Private Limited,1.0,2,0,2015,176608,-69950.0,181471,-971.0,111521,4863.0,,,,-70921.0,110550.0,2.525,0.3908117550462608,106658.0,,,0,62012.0,0,2025-09-12,1,215855.0,2016,2016,0.0,1,,
02814583,Cohort B,2016-08-01,2016,4650.0,AI & Data Economy,Micro,Micro,No,Collaborative R&D,0.0,1.0,1.0,London,False,,1993-04-05,23.3,London Outer,Guarantee,1.0,12,0,2015,126327,-144847.0,138144,,-6703,11817.0,,,,-144847.0,-6703.0,0.872,1.048521832290943,-18520.0,,,0,94990.0,0,2025-08-18,1,4650.0,2016,2016,0.0,1,0.0,0.0
01755476,Cohort B,2016-08-01,2016,5113.0,AI & Data Economy,Small,Small,No,Collaborative R&D,0.0,1.0,1.0,London,False,,1983-09-22,32.9,London Inner,Guarantee,1.0,9,0,2015,584255,-489119.0,1626233,-6000.0,1137114,1041978.0,2590200.0,75043.0,-213.0,-495119.0,1131114.0,1.195,0.3044576023238982,95136.0,0.029,0.046,0,94110.0,0,2025-07-02,1,5113.0,2016,2016,0.0,1,0.0,0.0
03954387,Cohort B,2016-08-01,2016,99088.0,AI & Data Economy,Small,Small,No,Collaborative R&D,1.0,2.0,1.0,Yorkshire and The Humber,False,,2000-03-22,16.4,Yorks & Humberside,Private Limited,1.0,3,0,2015,558135,-580457.0,1076025,-51000.0,-18713,517890.0,,,,-631457.0,444568.0,0.962,0.586842313143282,-22322.0,,,0,62012.0,0,2025-12-12,1,99088.0,2016,2016,1.0,1,,
06809820,Cohort B,2016-08-01,2016,5203.0,AI & Data Economy,Small,Small,No,Collaborative R&D,0.0,1.0,1.0,London,False,,2009-04-02,7.3,London Inner,Private Limited,1.0,4,0,2015,12328000,-11829000.0,12841000,,1012000,513000.0,8952000.0,8000.0,-104000.0,-11829000.0,1012000.0,1.042,0.9211899384783117,499000.0,0.001,0.001,1,68100.0,0,2025-12-20,1,5203.0,2016,2016,0.0,1,0.0,0.0
05196344,Cohort B,2016-08-01,2016,4713.0,AI & Data Economy,Small,Small,No,Collaborative R&D,0.0,1.0,1.0,North West,False,,2004-03-08,12.4,North West,Private Limited,1.0,0,0,2015,901396,-734972.0,973759,-10791.0,238787,72363.0,,,,-745763.0,227996.0,1.226,0.7658599304345326,166424.0,,,0,73110.0,1,2019-12-23,1,4713.0,2016,2016,0.0,1,0.0,0.0
04598348,Cohort B,2016-08-01,2016,265484.0,AI & Data Economy,Small,Small,Yes,Collaborative R&D,0.0,1.0,1.0,South East,False,,2002-11-22,13.7,London Inner,Private Limited,1.0,2,0,2015,1560593,-3009818.0,2384568,-122255.0,-678922,823975.0,4258889.0,-302718.0,184456.0,-3132073.0,-747505.0,0.519,1.313476067782508,-1449225.0,-0.071,-0.127,0,63990.0,0,2025-09-30,1,265484.0,2016,2016,0.0,1,,
08115683,Cohort B,2016-09-01,2016,42000.0,AI & Data Economy,Micro,Micro,Yes,Procurement,0.0,1.0,1.0,Wales,False,,2012-06-22,4.2,Wales,Private Limited,1.0,2,0,2015,52667,-8140.0,53721,,45581,1054.0,,,,-8140.0,45581.0,6.47,0.1515236127398969,44527.0,,,0,90030.0,0,2026-02-25,1,42000.0,2016,2016,0.0,1,0.0,1.0
07411241,Cohort C,2016-09-01,2016,15054.0,Clean Growth & Infrastructure,Micro,Micro,Yes,Feasibility Studies,1.0,2.0,1.0,South East,False,,2010-10-18,5.9,Southern,Private Limited,1.0,7,0,2015,261755,-188730.0,261755,,73025,,,,,-188730.0,73025.0,1.387,0.7210177456018032,73025.0,,,0,62090.0,0,2025-09-29,1,15054.0,2016,2016,1.0,1,,
05031272,Cohort C,2016-09-01,2016,430912.0,Clean Growth & Infrastructure,Small,Small,Yes,Collaborative R&D,0.0,1.0,1.0,North East,False,,2004-02-02,12.6,London Inner,Private Limited,1.0,0,0,2015,4823193,-326383.0,6053753,-192474.0,5727370,1230560.0,,,,-518857.0,5534896.0,14.778,0.08570832011150768,4496810.0,,,0,28990.0,1,2023-07-06,1,430912.0,2016,2016,0.0,1,,
06638793,Cohort C,2016-09-01,2016,52857.0,Clean Growth & Infrastructure,Micro,Micro,Yes,Feasibility Studies,0.0,1.0,1.0,East Midlands,False,,2008-04-07,8.4,East Midlands,Private Limited,1.0,1,0,2015,25990,-5223.0,30185,,24962,4195.0,,,,-5223.0,24962.0,4.976,0.1730329633924134,20767.0,,,0,74901.0,0,2025-10-24,1,52857.0,2016,2016,0.0,1,,
02199121,Cohort C,2016-09-01,2016,24801.0,Clean Growth & Infrastructure,Small,Small,No,Feasibility Studies,1.0,2.0,1.0,Yorkshire and The Humber,False,,1987-11-26,28.8,Yorks & Humberside,Private Limited,1.0,3,0,2015,1412675,-531671.0,1513196,-29000.0,947775,100521.0,,,,-560671.0,952525.0,2.657,0.370521069312898,881004.0,,,0,38310.0,0,2026-03-23,1,24801.0,2016,2016,1.0,1,,
06764280,Cohort C,2016-09-01,2016,69541.0,Clean Growth & Infrastructure,Micro,Micro,Yes,Feasibility Studies,1.0,16.0,1.0,East of England,False,,2008-03-12,8.5,Eastern,Private Limited,1.0,1,0,2015,78284,-27354.0,120547,,59077,42263.0,,,,-27354.0,93193.0,2.862,0.2269156428612906,50930.0,,,0,72190.0,0,2025-09-25,1,69541.0,2016,2016,1.0,1,,
02777816,Cohort C,2016-09-01,2016,87790.0,Clean Growth & Infrastructure,Medium,Medium,Yes,Feasibility Studies,1.0,4.0,1.0,West Midlands,False,,1993-07-01,23.2,West Midlands,Private Limited,1.0,4,0,2015,1946349,-367133.0,1996374,,1629241,50025.0,,,,-367133.0,1629241.0,5.301,0.1838999105378051,1579216.0,,,0,27120.0,0,2025-03-29,1,87790.0,2016,2016,1.0,1,,
01857001,Cohort C,2016-09-01,2016,82057.0,Clean Growth & Infrastructure,Medium,Medium,No,Collaborative R&D,0.0,1.0,1.0,West Midlands,False,,1984-10-19,31.9,West Midlands,Private Limited,1.0,0,0,2015,5757313,-3952054.0,8126863,-250270.0,4030069,2369550.0,8702343.0,-988625.0,360019.0,-4202324.0,3924539.0,1.457,0.5170905428084612,1805259.0,-0.114,-0.122,0,28990.0,1,2022-03-30,1,82057.0,2016,2016,0.0,1,,
00641876,Cohort C,2016-09-01,2016,50267.0,Clean Growth & Infrastructure,Medium,Medium,No,Collaborative R&D,0.0,1.0,1.0,West Midlands,False,,1959-12-11,56.7,West Midlands,Private Limited,1.0,3,0,2015,4968229,-3848883.0,8806341,-2672524.0,4922496,3838112.0,13796643.0,-581705.0,218749.0,-6521407.0,2284934.0,1.291,0.74053537104684,1119346.0,-0.042,-0.066,0,68209.0,0,2025-09-17,1,50267.0,2016,2016,0.0,1,,
03166948,Cohort C,2016-09-01,2016,97938.0,Clean Growth & Infrastructure,Small,Small,Yes,Feasibility Studies,1.0,5.0,1.0,West Midlands,False,,1996-01-03,20.7,West Midlands,Private Limited,1.0,1,0,2015,298599,-182070.0,301745,,119675,3146.0,,,,-182070.0,119675.0,1.64,0.6033902798720774,116529.0,,,0,32990.0,0,2025-07-07,1,97938.0,2016,2016,1.0,1,,
08626722,Cohort C,2016-09-01,2016,28000.0,Clean Growth & Infrastructure,Micro,Micro,No,Feasibility Studies,1.0,2.0,1.0,West Midlands,False,,2013-07-26,3.1,West Midlands,Private Limited,1.0,0,0,2015,75435,-106552.0,93547,,-13005,18112.0,,,,-106552.0,-13005.0,0.708,1.139021026863502,-31117.0,,,0,29310.0,1,2018-04-27,1,28000.0,2016,2016,1.0,0,,
04079715,Cohort C,2016-09-01,2016,2386091.0,Clean Growth & Infrastructure,Medium,Medium,Yes,Collaborative R&D,1.0,2.0,1.0,South East,False,,2000-09-28,15.9,Southern,Private Limited,1.0,5,0,2015,2273529,-899969.0,7574470,-978566.0,1562967,5300941.0,5395519.0,-52423.0,2019.0,-1878535.0,5695935.0,2.526,0.2480087715708162,1373560.0,-0.01,-0.007,0,62012.0,0,2025-09-30,1,2386091.0,2016,2016,1.0,1,,
00952502,Cohort B,2016-10-01,2016,44722.0,AI & Data Economy,Medium,Medium,No,Feasibility Studies,1.0,20.0,1.0,London,False,,1969-04-21,47.4,London Inner,Private Limited,1.0,4,0,2015,12442000,-3459000.0,14464000,-857000.0,11005000,2022000.0,18530000.0,-4447000.0,23000.0,-4316000.0,10148000.0,3.597,0.2983960176991151,8983000.0,-0.24,-0.307,1,27900.0,0,2025-05-08,1,44722.0,2016,2016,1.0,1,0.0,0.0
01117972,Cohort B,2016-10-01,2016,35143.0,AI & Data Economy,Small,Small,No,Collaborative R&D,0.0,1.0,1.0,South East,False,,1973-12-06,42.8,Southern,Private Limited,1.0,0,0,2015,554314,-405344.0,780059,,374715,225745.0,,,,-405344.0,374715.0,1.368,0.519632489337345,148970.0,,,0,90040.0,1,2018-12-20,1,35143.0,2016,2016,0.0,1,0.0,0.0
04557516,Cohort B,2016-10-01,2016,22364.0,AI & Data Economy,Micro,Micro,No,Collaborative R&D,0.0,1.0,1.0,South East,False,,2002-09-10,14.1,Southern,Private Limited,1.0,1,0,2015,9986,-14215.0,16043,,1828,6057.0,,,,-14215.0,1828.0,0.702,0.8860562238982734,-4229.0,,,0,59111.0,0,2025-06-25,1,22364.0,2016,2016,0.0,1,0.0,0.0
06196564,Cohort B,2016-10-01,2016,25006.0,AI & Data Economy,Micro,Micro,No,Collaborative R&D,0.0,1.0,1.0,South East,False,,2007-02-04,9.7,Southern,Private Limited,1.0,0,0,2015,8317,-6307.0,9190,,2883,873.0,,,,-6307.0,2883.0,1.319,0.6862894450489663,2010.0,,,0,82990.0,1,2024-06-26,1,25006.0,2016,2016,0.0,1,0.0,1.0
09235524,Cohort B,2016-10-01,2016,13916.0,AI & Data Economy,Micro,Micro,No,Feasibility Studies,1.0,5.0,1.0,East of England,False,,2014-09-25,2.0,West Midlands,Private Limited,1.0,0,0,2015,73535,-799669.0,239881,,-721663,166346.0,,,,-799669.0,-559788.0,0.092,3.333607080177254,-726134.0,,,1,62090.0,1,2024-12-09,1,13916.0,2016,2016,1.0,1,0.0,1.0
07598677,Cohort B,2016-10-01,2016,45734.0,AI & Data Economy,Micro,Micro,Yes,Feasibility Studies,0.0,1.0,1.0,London,False,,2011-11-04,4.9,London Outer,Private Limited,1.0,3,0,2015,10838,-1472.0,28574,,9782,17736.0,,,,-1472.0,27102.0,7.363,0.05151536361727445,9366.0,,,0,63120.0,0,2026-01-21,1,45734.0,2016,2016,0.0,1,,
06669123,Cohort C,2016-10-01,2016,127931.0,Clean Growth & Infrastructure,Micro,Micro,Yes,Feasibility Studies,1.0,3.0,1.0,Wales,False,,2008-11-08,7.9,Wales,Private Limited,1.0,6,0,2015,1513095,-2158.0,1521668,,1519510,8573.0,,,,-2158.0,1519510.0,89.16025,0.01159327931658461,1510937.0,,,0,32990.0,0,2025-12-18,1,127931.0,2016,2016,1.0,1,,
02466435,Cohort C,2016-10-01,2016,44288.0,Clean Growth & Infrastructure,Small,Small,No,Feasibility Studies,1.0,7.0,1.0,South West,False,,1990-02-02,26.7,South Western,Private Limited,1.0,7,0,2015,561401,-161936.0,602280,-6801.0,440344,40879.0,,,,-168737.0,433543.0,3.467,0.2801637112306569,399465.0,,,0,26511.0,0,2025-07-31,1,44288.0,2016,2016,1.0,1,,
SC402341,Cohort C,2016-10-01,2016,104845.0,Clean Growth & Infrastructure,Small,Small,No,Feasibility Studies,0.0,1.0,1.0,Scotland,False,,2011-06-24,5.3,Scotland,Private Limited,1.0,0,0,2015,14617349,-12910659.0,14681300,,1770641,63951.0,5292917.0,-437504.0,-91328.0,-12910659.0,1770641.0,1.132,0.8793948083616574,1706690.0,-0.083,-0.03,0,9100.0,1,2018-04-03,1,104845.0,2016,2016,0.0,0,,
SC174695,Cohort C,2016-10-01,2016,32084.0,Clean Growth & Infrastructure,Micro,Micro,Yes,Feasibility Studies,0.0,1.0,1.0,Scotland,False,,1997-04-21,19.4,Scotland,Private Limited,1.0,0,0,2015,21576,-12684.0,24427,-23287.0,9198,2851.0,,,,-35971.0,-11544.0,1.701,1.472591804151144,8892.0,,,0,25720.0,1,2025-04-16,1,32084.0,2016,2016,0.0,1,,
09233963,Cohort C,2016-10-01,2016,49041.0,Clean Growth & Infrastructure,Micro,Micro,Yes,Feasibility Studies,1.0,2.0,1.0,East Midlands,False,,2014-09-24,2.0,East Midlands,Private Limited,1.0,3,0,2015,57769,-54495.0,58558,,4063,789.0,,,,-54495.0,4063.0,1.06,0.9306157997199358,3274.0,,,0,62012.0,0,2025-09-16,1,49041.0,2016,2016,1.0,1,,
02190128,Cohort C,2016-10-01,2016,59622.0,Clean Growth & Infrastructure,Medium,Medium,Yes,Feasibility Studies,1.0,2.0,1.0,East Midlands,False,,1987-09-11,29.1,Yorks & Humberside,Private Limited,1.0,7,0,2015,3108481,-2437046.0,4341472,-669101.0,1904426,1232991.0,12001845.0,-16147.0,264744.0,-3106147.0,1235325.0,1.276,0.7154594110016143,671435.0,-0.001,-0.004,0,32990.0,0,2025-09-19,1,59622.0,2016,2016,1.0,1,,
07479084,Cohort C,2016-10-01,2016,54197.0,Clean Growth & Infrastructure,Micro,Micro,Yes,Feasibility Studies,0.0,1.0,1.0,South West,False,,2010-12-29,5.8,Wales,Private Limited,1.0,0,0,2015,4623,-1656.0,7427,-41660.0,3443,2804.0,,,,-43316.0,-35889.0,2.792,5.832233741753063,2967.0,,,0,35110.0,1,2019-02-18,1,54197.0,2016,2016,0.0,1,,
03579143,Cohort C,2016-10-01,2016,74726.0,Clean Growth & Infrastructure,Medium,Medium,Yes,Feasibility Studies,0.0,1.0,1.0,South East,False,,1998-10-06,18.0,South Eastern,Private Limited,1.0,2,0,2015,2324654,-1000037.0,2712162,,1712125,387508.0,7236032.0,890965.0,-138187.0,-1000037.0,1712125.0,2.325,0.3687231809899261,1324617.0,0.123,0.329,0,9100.0,0,2025-04-28,1,74726.0,2016,2016,0.0,1,,
SC470807,Cohort C,2016-10-01,2016,32165.0,Clean Growth & Infrastructure,Micro,Micro,No,Feasibility Studies,1.0,2.0,1.0,Scotland,False,,2014-02-24,2.6,Scotland,Private Limited,1.0,0,0,2015,18986,-8302.0,18986,,10684,,,,,-8302.0,10684.0,2.287,0.4372695670494048,10684.0,,,0,62090.0,1,2017-11-30,1,32165.0,2016,2016,1.0,0,,
09353913,Cohort C,2016-10-01,2016,134634.0,Clean Growth & Infrastructure,Micro,Micro,Yes,Feasibility Studies,0.0,1.0,1.0,South East,False,,2014-12-12,1.8,Southern,Private Limited,1.0,2,0,2015,6900,-20875.0,53980,,-13975,47080.0,,,,-20875.0,33105.0,0.331,0.3867173027047054,-13975.0,,,0,82990.0,0,2025-09-29,1,134634.0,2016,2016,0.0,1,,
07450495,Cohort C,2016-10-01,2016,88419.0,Clean Growth & Infrastructure,Micro,Micro,Yes,Feasibility Studies,1.0,2.0,1.0,South West,False,,2010-11-24,5.9,South Western,Private Limited,1.0,2,0,2015,430380,-753457.0,655381,,-98077,225001.0,,,,-753457.0,-98076.0,0.571,1.149647304392407,-323077.0,,,0,82990.0,0,2026-03-25,1,88419.0,2016,2016,1.0,1,,
SC433924,Cohort C,2016-10-01,2016,69967.0,Clean Growth & Infrastructure,Micro,Micro,Yes,Feasibility Studies,1.0,4.0,1.0,Scotland,False,,2012-03-10,4.6,Scotland,Private Limited,1.0,2,0,2015,2227,-54391.0,40217,,-26818,37990.0,,,,-54391.0,-14174.0,0.041,1.352438023721312,-52164.0,,,0,32990.0,0,2026-04-27,1,69967.0,2016,2016,1.0,1,,
SC410592,Cohort C,2016-10-01,2016,90804.0,Clean Growth & Infrastructure,Micro,Micro,Yes,Feasibility Studies,0.0,1.0,1.0,Scotland,False,,2011-03-11,5.6,Scotland,Private Limited,,2,0,2015,16899,-16917.0,16899,,-18,,,,,-16917.0,-18.0,0.999,1.001065151784129,-18.0,,,0,32990.0,0,2025-12-23,1,90804.0,2016,2016,0.0,1,,
02652220,Cohort C,2016-10-01,2016,69990.0,Clean Growth & Infrastructure,Micro,Micro,Yes,Feasibility Studies,0.0,1.0,1.0,South West,False,,1991-08-10,25.1,South Western,Private Limited,1.0,5,0,2015,47775,-29537.0,49004,,19467,1229.0,,,,-29537.0,19467.0,1.617,0.6027467145539139,18238.0,,,0,26200.0,0,2025-05-29,1,69990.0,2016,2016,0.0,1,,
07827384,Cohort C,2016-10-01,2016,129102.0,Clean Growth & Infrastructure,Micro,Micro,Yes,Feasibility Studies,1.0,9.0,1.0,South East,False,,2011-10-28,4.9,London Inner,Private Limited,1.0,0,0,2015,666,-27046.0,4309,,-26380,3643.0,,,,-27046.0,-22737.0,0.025,6.2766303086563,-26380.0,,,0,82990.0,0,2024-12-10,1,129102.0,2016,2016,1.0,1,,
SC105188,Cohort C,2016-10-01,2016,29539.0,Clean Growth & Infrastructure,Micro,Micro,No,Feasibility Studies,1.0,4.0,1.0,Scotland,False,,1987-06-15,29.3,Scotland,Private Limited,1.0,0,0,2015,216329,-37739.0,216329,,178590,,,,,-37739.0,178590.0,5.732,0.1744518765398999,178590.0,,,0,62020.0,1,2024-12-02,1,29539.0,2016,2016,1.0,1,,
SC181158,Cohort C,2016-10-01,2016,75000.0,Clean Growth & Infrastructure,Small,Small,Yes,Feasibility Studies,0.0,1.0,1.0,Scotland,False,,1997-01-12,19.7,Scotland,Private Limited,1.0,0,0,2015,1901291,-664457.0,2552621,-26235.0,1823906,651330.0,,,,-690692.0,1861929.0,2.861,0.2705814925129896,1236834.0,,,0,72190.0,0,2025-09-17,1,75000.0,2016,2016,0.0,1,0.0,1.0
SC448322,Cohort C,2016-10-01,2016,38115.0,Clean Growth & Infrastructure,Micro,Micro,No,Collaborative R&D,0.0,1.0,1.0,Scotland,False,,2013-04-23,3.4,Scotland,Private Limited,1.0,0,0,2015,2,,2,,2,,,,,,,,,,,,0,71122.0,1,2021-04-30,1,38115.0,2016,2016,0.0,1,,
SC356586,Cohort C,2016-10-01,2016,383840.0,Clean Growth & Infrastructure,Small,Small,Yes,Collaborative R&D,0.0,1.0,1.0,Scotland,False,,2009-03-16,7.5,Scotland,Private Limited,1.0,1,0,2015,18690,-496330.0,18690,-800.0,-477640,,,,,-497130.0,-478440.0,0.038,26.59871589085072,-477640.0,,,0,71122.0,0,2025-10-03,1,383840.0,2016,2016,0.0,1,,
04750292,Cohort C,2016-10-01,2016,586878.0,Clean Growth & Infrastructure,Micro,Micro,Yes,Collaborative R&D,1.0,3.0,1.0,East of England,False,,2003-01-05,13.7,Southern,Private Limited,1.0,4,0,2015,137237,-87915.0,140911,,52996,3674.0,,,,-87915.0,52996.0,1.561,0.623904450326802,49322.0,,,0,72190.0,0,2026-02-17,1,586878.0,2016,2016,1.0,1,,
03643676,Cohort C,2016-10-01,2016,81843.0,Clean Growth & Infrastructure,Micro,Micro,Yes,Feasibility Studies,0.0,1.0,1.0,South East,False,,1998-05-10,18.4,Southern,Private Limited,1.0,2,0,2015,67383,,83008,-71388.0,83008,15625.0,,,,,,,,,,,0,74100.0,0,2025-07-28,1,81843.0,2016,2016,0.0,1,,
08327366,Cohort C,2016-10-01,2016,21085.13,Clean Growth & Infrastructure,Micro/small,Micro/Small,No,Collaborative R&D,1.0,3.0,1.0,North West,False,,2012-11-12,3.9,North West,Private Limited,1.0,2,0,2015,339670,-144153.0,2844870,-1639178.0,2700717,2505200.0,,,,-1783331.0,1061539.0,2.356,0.6268585207759932,195517.0,,,0,70100.0,0,2026-03-24,1,21085.13,2016,2016,1.0,1,,
05896692,Cohort C,2016-10-01,2016,79118.0,Clean Growth & Infrastructure,Micro,Micro,No,Collaborative R&D,0.0,1.0,1.0,North West,False,,2006-04-08,10.5,North West,Private Limited,1.0,0,0,2015,26980,-30470.0,37391,,6921,10411.0,,,,-30470.0,6921.0,0.885,0.8149019817603167,-3490.0,,,0,62012.0,1,2018-09-17,1,79118.0,2016,2016,0.0,0,,
06793287,Cohort C,2016-10-01,2016,113021.0,Clean Growth & Infrastructure,Small,Small,No,Collaborative R&D,0.0,1.0,1.0,London,False,,2009-01-16,7.7,London Inner,Private Limited,1.0,1,0,2015,25675,-135727.0,26535,,-109192,860.0,,,,-135727.0,-109192.0,0.189,5.115017900885623,-110052.0,,,0,62012.0,0,2025-07-11,1,113021.0,2016,2016,0.0,1,,
07605147,Cohort C,2016-10-01,2016,275280.0,Clean Growth & Infrastructure,Micro,Micro,No,Collaborative R&D,1.0,5.0,1.0,London,False,,2011-04-15,5.5,West Midlands,Private Limited,1.0,0,0,2015,8100,-15930.0,20100,,-7830,12000.0,,,,-15930.0,4170.0,0.508,0.7925373134328358,-7830.0,,,0,62012.0,1,2022-10-24,1,275280.0,2016,2016,1.0,1,,
08781104,Cohort B,2016-11-01,2016,30720.0,AI & Data Economy,Micro,Micro,Yes,Procurement,1.0,5.0,1.0,South East,False,,2013-11-19,3.0,Southern,Private Limited,1.0,2,0,2015,48208,,255258,,255258,207050.0,,,,,,,,,,,0,62012.0,0,2025-12-31,1,30720.0,2016,2016,1.0,1,,
08061624,Cohort B,2016-11-01,2016,244833.0,AI & Data Economy,Micro,Micro,No,Collaborative R&D,0.0,1.0,1.0,South East,False,,2012-09-05,4.2,Southern,Private Limited,1.0,0,0,2015,215953,-17621.0,242049,-373333.0,224428,26096.0,,,,-390954.0,-148905.0,12.255,1.615185355031419,198332.0,,,1,61200.0,1,2018-07-06,1,244833.0,2016,2016,0.0,1,0.0,1.0
08545649,Cohort C,2016-11-01,2016,48662.0,Clean Growth & Infrastructure,Micro,Micro,Yes,Small Business Research Initiative,1.0,3.0,1.0,South East,False,,2013-05-28,3.4,Eastern,Private Limited,1.0,0,0,2015,1266,-19732.0,1266,,-18466,,,,3647.0,-19732.0,-18466.0,0.064,15.58609794628752,-18466.0,,,0,36000.0,1,2024-03-28,1,48662.0,2016,2016,1.0,1,,
08313356,Cohort C,2016-11-01,2016,48487.0,Clean Growth & Infrastructure,Small,Small,Yes,Small Business Research Initiative,1.0,15.0,1.0,London,False,,2012-11-29,3.9,London Inner,Private Limited,1.0,3,0,2015,634846,-57189.0,635913,-28042.0,578724,1067.0,,,,-85231.0,550682.0,11.101,0.1340293404915452,577657.0,,,0,27900.0,0,2025-05-13,1,48487.0,2016,2016,1.0,1,,
07072489,Cohort C,2016-11-01,2016,50000.0,Clean Growth & Infrastructure,Small,Small,Yes,Small Business Research Initiative,1.0,5.0,1.0,East of England,False,,2009-11-11,7.0,East Midlands,Private Limited,1.0,0,0,2015,32203,-18550.0,416601,,13653,384398.0,,,,-18550.0,398051.0,1.736,0.04452701745795137,13653.0,,,0,47990.0,1,2018-06-27,1,50000.0,2016,2016,1.0,1,,
04341237,Cohort C,2016-11-01,2016,49634.0,Clean Growth & Infrastructure,Small,Small,Yes,Small Business Research Initiative,1.0,5.0,1.0,East of England,False,,2001-12-17,14.9,Eastern,Private Limited,1.0,6,0,2015,5028540,-1613121.0,5110960,-9590.0,3497839,82420.0,,,,-1622711.0,3488249.0,3.117,0.3174963216303787,3415419.0,,,0,72190.0,0,2025-09-29,1,49634.0,2016,2016,1.0,1,,
07047102,Cohort C,2016-11-01,2016,46405.0,Clean Growth & Infrastructure,Micro,Micro,Yes,Small Business Research Initiative,1.0,6.0,1.0,North East,False,,2009-10-16,7.0,Northern,Private Limited,1.0,3,0,2015,378572,-93093.0,2010853,-82574.0,1699054,1632281.0,,,,-175667.0,1835186.0,4.067,0.08735944397725741,285479.0,,,0,62012.0,0,2025-07-29,1,46405.0,2016,2016,1.0,1,,
09234867,Cohort C,2016-11-01,2016,48928.0,Clean Growth & Infrastructure,Micro,Micro,Yes,Small Business Research Initiative,1.0,7.0,1.0,South East,False,,2014-09-25,2.1,Southern,Private Limited,1.0,3,0,2015,104989,-143875.0,295519,-129706.0,-10356,190530.0,,,,-273581.0,21938.0,0.73,0.925764502451619,-38886.0,,,0,74909.0,0,2026-01-15,1,48928.0,2016,2016,1.0,1,,
04826593,Cohort C,2016-11-01,2016,28257.0,Clean Growth & Infrastructure,Micro,Micro,Yes,Small Business Research Initiative,1.0,18.0,1.0,South West,False,,2003-09-07,13.2,South Western,Private Limited,1.0,2,0,2015,162580,-121429.0,167644,-1013.0,46215,5064.0,,,,-122442.0,45202.0,1.339,0.7303691155066689,41151.0,,,0,71129.0,0,2025-10-21,1,28257.0,2016,2016,1.0,1,,
07815045,Cohort C,2016-11-01,2016,34872.0,Clean Growth & Infrastructure,Micro,Micro,Yes,Small Business Research Initiative,1.0,2.0,1.0,North West,False,,2011-10-19,5.0,Yorks & Humberside,Private Limited,1.0,1,0,2015,21505,-16388.0,21535,-7233.0,5147,30.0,,,,-23621.0,-2086.0,1.312,1.09686556768052,5117.0,,,0,74909.0,0,2025-12-16,1,34872.0,2016,2016,1.0,1,,
08020224,Cohort C,2016-11-01,2016,41197.0,Clean Growth & Infrastructure,Small,Small,Yes,Small Business Research Initiative,0.0,1.0,1.0,London,False,,2012-04-04,4.6,London Inner,Private Limited,1.0,2,0,2015,139579,-465275.0,142109,,-323166,2530.0,,,,-465275.0,-323166.0,0.3,3.274071311458106,-325696.0,,,0,62012.0,1,2023-09-07,1,41197.0,2016,2016,0.0,1,,
03279060,Cohort C,2016-11-01,2016,49987.0,Clean Growth & Infrastructure,Small,Small,Yes,Small Business Research Initiative,1.0,11.0,1.0,London,False,,1996-11-15,20.0,London Inner,Private Limited,1.0,6,0,2015,3744539,-3219703.0,4009149,-23000.0,789446,264610.0,12253665.0,-119470.0,1453311.0,-3242703.0,766446.0,1.163,0.808825763272954,524836.0,-0.01,-0.03,0,62090.0,0,2026-03-13,1,49987.0,2016,2016,1.0,1,,
09396517,Cohort C,2016-11-01,2016,49824.0,Clean Growth & Infrastructure,Small,Small,Yes,Small Business Research Initiative,1.0,2.0,1.0,London,False,,2015-01-20,1.8,West Midlands,Private Limited,1.0,0,0,2015,5827,-10245.0,5827,,-4418,,,,,-10245.0,-4418.0,0.569,1.75819461129226,-4418.0,,,0,62090.0,1,2023-09-26,1,49824.0,2016,2016,1.0,1,,
07188984,Cohort C,2016-11-01,2016,43749.0,Clean Growth & Infrastructure,Micro,Micro,Yes,Small Business Research Initiative,0.0,1.0,1.0,South West,False,,2010-03-15,6.6,South Western,Guarantee,,9,0,2015,67945,-35066.0,68254,,33188,309.0,157058.0,25905.0,9424.0,-35066.0,33188.0,1.938,0.513757435461658,32879.0,0.165,0.38,0,74909.0,1,2024-12-14,1,43749.0,2016,2016,0.0,1,,
06741354,Cohort C,2016-11-01,2016,45321.0,Clean Growth & Infrastructure,Micro,Micro,Yes,Small Business Research Initiative,0.0,1.0,1.0,London,False,,2008-05-11,8.5,South Western,Private Limited,1.0,4,0,2015,60806,-97566.0,315078,-88750.0,-36579,254272.0,,,,-186316.0,128762.0,0.623,0.591332939779991,-36760.0,,,0,26400.0,0,2025-12-08,1,45321.0,2016,2016,0.0,1,,
02565074,Cohort C,2016-11-01,2016,45810.0,Clean Growth & Infrastructure,Micro,Micro,Yes,Small Business Research Initiative,0.0,1.0,1.0,South East,False,,1990-04-12,26.6,Southern,Private Limited,1.0,2,0,2015,34480,-42518.0,35272,,-7246,792.0,,,,-42518.0,-7246.0,0.811,1.205432070764346,-8038.0,,,0,26511.0,0,2025-11-28,1,45810.0,2016,2016,0.0,1,,
04489271,Cohort C,2016-11-01,2016,50000.0,Clean Growth & Infrastructure,Small,Small,Yes,Small Business Research Initiative,1.0,3.0,1.0,London,False,,2002-07-18,14.3,London Inner,Private Limited,1.0,14,0,2015,2992252,-663599.0,3006423,,2342824,14171.0,4965669.0,-1440421.0,-133434.0,-663599.0,2342824.0,4.509,0.2207270899670472,2328653.0,-0.29,-0.479,0,71122.0,0,2025-05-23,1,50000.0,2016,2016,1.0,1,,
03153273,Cohort C,2016-11-01,2016,50000.0,Clean Growth & Infrastructure,Micro,Micro,Yes,Small Business Research Initiative,0.0,1.0,1.0,South East,False,,1996-01-31,20.8,Southern,Private Limited,1.0,3,0,2015,155245,-85186.0,157183,-100000.0,71997,1938.0,,,,-185186.0,-28003.0,1.822,1.178155398484569,70059.0,,,0,62011.0,0,2026-05-19,1,50000.0,2016,2016,0.0,1,,
07025392,Cohort C,2016-11-01,2016,50000.0,Clean Growth & Infrastructure,Micro,Micro,Yes,Small Business Research Initiative,1.0,7.0,1.0,North West,False,,2009-09-21,7.1,North West,Private Limited,1.0,2,0,2015,48910,-34608.0,114989,-151292.0,20381,66079.0,,,,-185900.0,-70911.0,1.413,1.61667637774048,14302.0,,,0,62012.0,0,2025-06-30,1,50000.0,2016,2016,1.0,1,,
07376073,Cohort C,2016-11-01,2016,12744.0,Clean Growth & Infrastructure,Micro,Micro,Yes,Small Business Research Initiative,0.0,1.0,1.0,North East,False,,2010-09-14,6.1,Northern,Private Limited,1.0,0,0,2015,37228,-15038.0,37603,-190925.0,22565,375.0,,,,-205963.0,-168360.0,2.476,5.477302342898173,22190.0,,,0,26400.0,1,2023-03-22,1,12744.0,2016,2016,0.0,1,,
07938919,Cohort C,2016-11-01,2016,42570.0,Clean Growth & Infrastructure,Small,Small,Yes,Small Business Research Initiative,1.0,5.0,1.0,East of England,False,,2012-07-02,4.3,London Inner,Private Limited,1.0,0,0,2015,603852,-591811.0,604738,-177.0,12927,886.0,,,,-591988.0,12750.0,1.02,0.9789164894549375,12041.0,,,0,62020.0,1,2022-02-11,1,42570.0,2016,2016,1.0,1,,
08405964,Cohort B,2016-12-01,2016,29700.0,AI & Data Economy,Micro,Micro,Yes,Procurement,0.0,1.0,1.0,South East,False,,2013-02-18,3.8,London Inner,Private Limited,1.0,0,0,2015,15193,-9809.0,15368,,5559,175.0,,,,-9809.0,5559.0,1.549,0.6382743362831859,5384.0,,,0,62012.0,1,2019-05-03,1,29700.0,2016,2016,0.0,1,0.0,0.0
04063402,Cohort C,2016-12-01,2016,229279.0,Clean Growth & Infrastructure,Small,Small,No,Collaborative R&D,0.0,1.0,1.0,Yorkshire and The Humber,False,,2000-01-09,16.9,Yorks & Humberside,Private Limited,1.0,4,0,2015,2398340,-225366.0,2626086,-493909.0,2400720,227746.0,,,,-719275.0,1906811.0,10.642,0.273896209035043,2172974.0,,,0,25620.0,0,2025-12-19,1,229279.0,2016,2016,0.0,1,,
07252307,Cohort C,2017-01-01,2017,24774.0,Clean Growth & Infrastructure,Micro,Micro,No,Feasibility Studies,0.0,1.0,1.0,East Midlands,False,,2010-05-13,6.6,East Midlands,Private Limited,1.0,0,0,2016,7876,-17776.0,12698,,-9078,4822.0,,,,-17776.0,-5078.0,0.443,1.39990549692865,-9900.0,,,0,82990.0,1,2024-07-22,1,24774.0,2017,2017,0.0,1,,
07054937,Cohort C,2017-01-01,2017,68528.0,Clean Growth & Infrastructure,Small,Small,Yes,Feasibility Studies,1.0,2.0,1.0,West Midlands,False,,2009-10-23,7.2,West Midlands,Private Limited,1.0,0,0,2016,35341,-28557.0,73086,-300.0,19667,37745.0,,,1554.0,-28857.0,44229.0,1.238,0.3948362203431574,6784.0,,,0,72190.0,1,2021-12-31,1,68528.0,2017,2017,1.0,1,,
03123703,Cohort C,2017-01-01,2017,177213.0,Clean Growth & Infrastructure,Small,Small,Yes,Collaborative R&D,1.0,3.0,1.0,North West,False,,1995-08-11,21.4,North West,Private Limited,1.0,6,0,2016,994240,-444843.0,1121234,,641293,126994.0,,,,-444843.0,676391.0,2.235,0.3967441229930594,549397.0,,,0,27120.0,0,2025-12-01,1,177213.0,2017,2017,1.0,1,,
SC200730,Cohort C,2017-01-01,2017,12450.0,Clean Growth & Infrastructure,Medium,Medium,No,Feasibility Studies,1.0,3.0,1.0,Scotland,False,,1999-10-13,17.2,Scotland,Private Limited,1.0,3,0,2016,14153404,-5863068.0,15424254,-101945.0,9561186,1270850.0,11232985.0,-178234.0,614691.0,-5965013.0,9459241.0,2.414,0.3867294327492273,8290336.0,-0.016,-0.012,0,28220.0,0,2025-09-18,1,12450.0,2017,2017,1.0,1,,
04538389,Cohort C,2017-01-01,2017,16279.0,Clean Growth & Infrastructure,Micro,Micro,No,Feasibility Studies,1.0,2.0,1.0,East Midlands,False,,2002-09-18,14.3,East Midlands,Private Limited,1.0,2,0,2016,153813,-78034.0,158425,-3675.0,80391,4612.0,,,,-81709.0,76716.0,1.971,0.5157582452264479,75779.0,,,0,70100.0,0,2026-06-09,1,16279.0,2017,2017,1.0,1,,
02592487,Cohort C,2017-01-01,2017,13034.0,Clean Growth & Infrastructure,Medium,Medium,No,Feasibility Studies,1.0,3.0,1.0,East Midlands,False,,1991-03-18,25.8,Yorks & Humberside,Private Limited,1.0,5,0,2016,5483174,-1301384.0,36827884,-19351146.0,35526500,31344710.0,10526332.0,994376.0,-194866.0,-20652530.0,16175354.0,4.213,0.5607851376962086,4181790.0,0.094,0.027,0,43130.0,0,2025-11-19,1,13034.0,2017,2017,1.0,1,,
07385282,Cohort C,2017-01-01,2017,13800.0,Clean Growth & Infrastructure,Medium,Medium,No,Feasibility Studies,1.0,2.0,1.0,West Midlands,False,,2010-09-23,6.3,Northern,Private Limited,1.0,2,0,2016,35863676,-15958921.0,49360206,,33401285,13496530.0,1195491.0,7140561.0,751160.0,-15958921.0,33401285.0,2.247,0.3233155266815539,19904755.0,4.082439999999969,0.145,0,35110.0,0,2025-09-12,1,13800.0,2017,2017,1.0,1,,
04634797,Cohort C,2017-01-01,2017,48992.0,Clean Growth & Infrastructure,Micro,Micro,Yes,Feasibility Studies,1.0,2.0,1.0,North West,False,,2003-01-13,14.0,Northern,Private Limited,1.0,2,0,2016,74192,-14976.0,78506,-15674.0,59744,4314.0,,,,-30650.0,47856.0,4.954,0.3904160191577714,59216.0,,,0,26511.0,0,2026-04-22,1,48992.0,2017,2017,1.0,1,,
07450668,Cohort C,2017-01-01,2017,49027.0,Clean Growth & Infrastructure,Micro,Micro,Yes,Feasibility Studies,1.0,3.0,1.0,East Midlands,False,,2010-11-25,6.1,East Midlands,Private Limited,1.0,0,0,2016,114418,-14956.0,121469,-26340.0,106513,7051.0,,,542.0,-41296.0,80173.0,7.65,0.3399715153660605,99462.0,,,0,62011.0,1,2023-06-21,1,49027.0,2017,2017,1.0,1,,
09033275,Cohort C,2017-01-01,2017,13953.0,Clean Growth & Infrastructure,Micro,Micro,No,Feasibility Studies,0.0,1.0,1.0,London,False,,2014-09-05,2.3,London Outer,Private Limited,1.0,2,0,2016,770,,770,,770,,,,,,,,,,,,0,74909.0,0,2025-09-17,1,13953.0,2017,2017,0.0,1,,
06467967,Cohort C,2017-01-01,2017,27934.0,Clean Growth & Infrastructure,Medium,Medium,No,Collaborative R&D,1.0,2.0,1.0,London,False,,2008-09-01,8.3,Yorks & Humberside,Private Limited,1.0,0,0,2016,1054426,-971675.0,1331660,-16134.0,359985,277234.0,,,,-987809.0,343851.0,1.085,0.7417876935554121,82751.0,,,0,49410.0,1,2022-06-30,1,27934.0,2017,2017,1.0,1,,
08726224,Cohort C,2017-02-01,2017,25635.0,Clean Growth & Infrastructure,Micro,Micro,No,Feasibility Studies,1.0,2.0,1.0,West Midlands,False,,2013-10-10,3.3,West Midlands,Private Limited,1.0,0,0,2016,2002,-2835.0,2014,,-821,12.0,,,,-2835.0,-821.0,0.706,1.407646474677259,-833.0,,,0,73200.0,1,2018-07-03,1,25635.0,2017,2017,1.0,0,,
08071919,Cohort C,2017-02-01,2017,119761.0,Clean Growth & Infrastructure,Micro,Micro,Yes,Feasibility Studies,1.0,5.0,1.0,North East,False,,2012-05-16,4.7,Northern,Private Limited,1.0,2,0,2016,81088,-19368.0,87790,,68422,6702.0,,,,-19368.0,68422.0,4.187,0.2206173823897938,61720.0,,,0,38210.0,0,2025-11-06,1,119761.0,2017,2017,1.0,1,,
08314898,Cohort C,2017-02-01,2017,56682.0,Clean Growth & Infrastructure,Micro,Micro,Yes,Feasibility Studies,1.0,3.0,1.0,North East,False,,2012-11-30,4.2,Northern,Private Limited,1.0,1,0,2016,11254,-11765.0,11567,,-198,313.0,,,,-11765.0,-198.0,0.957,1.017117662315207,-511.0,,,0,74909.0,0,2025-10-13,1,56682.0,2017,2017,1.0,1,,
09913837,Cohort C,2017-02-01,2017,6353.0,Clean Growth & Infrastructure,Micro,Micro,No,Feasibility Studies,0.0,1.0,1.0,North East,False,,2015-11-12,1.2,Northern,Private Limited,1.0,5,0,2016,53513,-19716.0,54311,,34595,798.0,,,,-19716.0,34595.0,2.714,0.3630203826112574,33797.0,,,0,74901.0,0,2025-07-10,1,6353.0,2017,2017,0.0,1,,
04213928,Cohort C,2017-02-01,2017,29975.0,Clean Growth & Infrastructure,Small,Small,No,Feasibility Studies,0.0,1.0,1.0,North East,False,,2001-10-05,15.3,Northern,Private Limited,1.0,5,0,2016,1054408,-293659.0,1531807,-66932.0,1238148,477399.0,,,,-360591.0,1171216.0,3.591,0.2354023711864484,760749.0,,,0,71122.0,0,2025-09-30,1,29975.0,2017,2017,0.0,1,,
05063449,Cohort C,2017-02-01,2017,207939.0,Clean Growth & Infrastructure,Small,Small,Yes,Feasibility Studies,1.0,2.0,1.0,West Midlands,False,,2004-04-03,12.8,Yorks & Humberside,Private Limited,1.0,6,0,2016,1296970,-113060.0,2086845,-1300424.0,1250752,789875.0,165121.0,-1460482.0,55151.0,-1413484.0,673361.0,11.472,0.6773306115212199,1183910.0,-8.845,-0.7,0,28132.0,1,2023-03-03,1,207939.0,2017,2017,1.0,1,,
00604606,Cohort C,2017-02-01,2017,16060.0,Clean Growth & Infrastructure,Medium,Medium,No,Feasibility Studies,0.0,1.0,1.0,East Midlands,False,,1958-05-15,58.7,Yorks & Humberside,Private Limited,1.0,4,0,2016,2614451,-586245.0,2676125,-3800.0,2050856,61674.0,,,134333.0,-590045.0,2086080.0,4.46,0.2204848428231118,2028206.0,,,0,27900.0,0,2025-04-23,1,16060.0,2017,2017,0.0,1,,
05443517,Cohort C,2017-02-01,2017,143913.0,Clean Growth & Infrastructure,Small,Small,Yes,Collaborative R&D,0.0,1.0,1.0,London,False,,2005-04-05,11.8,West Midlands,Private Limited,1.0,2,0,2016,307549,-57969.0,312206,,254237,4657.0,,,,-57969.0,254237.0,5.305,0.185675483494872,249580.0,,,0,72190.0,0,2026-05-28,1,143913.0,2017,2017,0.0,1,,
03597942,Cohort C,2017-02-01,2017,136811.0,Clean Growth & Infrastructure,Small,Small,No,Collaborative R&D,1.0,2.0,1.0,West Midlands,False,,1998-07-14,18.6,Southern,Private Limited,1.0,3,0,2016,240782,-146939.0,240972,,94033,190.0,,,7290.0,-146939.0,94033.0,1.639,0.6097762395631028,93843.0,,,0,62090.0,0,2025-09-30,1,136811.0,2017,2017,1.0,1,,
07676735,Cohort C,2017-02-01,2017,38646.0,Clean Growth & Infrastructure,Micro,Micro,No,Collaborative R&D,1.0,2.0,1.0,South East,False,,2011-06-21,5.6,South Eastern,Private Limited,1.0,2,0,2016,113756,-72800.0,142897,-954.0,50097,29141.0,,,,-73754.0,69143.0,1.563,0.5161339986143866,40956.0,,,0,74100.0,0,2025-12-15,1,38646.0,2017,2017,1.0,1,,
07924261,Cohort C,2017-02-01,2017,309877.0,Clean Growth & Infrastructure,Small,Small,Yes,Collaborative R&D,1.0,5.0,1.0,South West,False,,2012-01-25,5.0,Eastern,Private Limited,1.0,7,0,2016,112050,-141109.0,113650,,-27459,1600.0,,,,-141109.0,-27459.0,0.794,1.241610206775187,-29059.0,,,0,74909.0,0,2025-09-27,1,309877.0,2017,2017,1.0,1,,
02902628,Cohort C,2017-02-01,2017,221200.0,Clean Growth & Infrastructure,Micro,Micro,No,Collaborative R&D,1.0,4.0,1.0,West Midlands,False,,1994-02-25,22.9,West Midlands,Private Limited,1.0,1,0,2016,3794,-92061.0,34630,-4500.0,-57431,30836.0,,,,-96561.0,-61931.0,0.041,2.788362691308115,-88267.0,,,0,74909.0,0,2025-11-28,1,221200.0,2017,2017,1.0,1,,
02152229,Cohort C,2017-02-01,2017,7172.0,Clean Growth & Infrastructure,Medium,Medium,No,Collaborative R&D,0.0,1.0,1.0,North West,False,,1987-03-08,29.9,North West,Private Limited,1.0,8,0,2016,16619273,-8633129.0,33162766,-14896820.0,24529637,16543493.0,15293505.0,1809188.0,-465967.0,-23529949.0,9632817.0,1.925,0.7095291448246507,7986144.0,0.118,0.055,0,35110.0,0,2025-12-09,1,7172.0,2017,2017,0.0,1,,
08635057,Cohort C,2017-02-01,2017,54669.0,Clean Growth & Infrastructure,Micro,Micro,Yes,Feasibility Studies,0.0,1.0,1.0,London,False,,2013-02-08,4.0,London Inner,Private Limited,1.0,3,0,2016,486044,-118582.0,548750,,397413,62706.0,,,,-118582.0,430168.0,4.099,0.2160947608200456,367462.0,,,0,74100.0,0,2025-10-21,1,54669.0,2017,2017,0.0,1,,
09136911,Cohort C,2017-02-01,2017,45000.0,Clean Growth & Infrastructure,Micro,Micro,Yes,Feasibility Studies,0.0,1.0,1.0,South West,False,,2014-07-18,2.5,South Western,Private Limited,1.0,2,0,2016,81860,-80965.0,81860,-30000.0,895,,87686.0,-2494.0,21680.0,-110965.0,-29105.0,1.011,1.355546054238945,895.0,-0.028,-0.03,0,72190.0,0,2026-04-30,1,45000.0,2017,2017,0.0,1,,
SC464904,Cohort C,2017-02-01,2017,44897.0,Clean Growth & Infrastructure,Micro,Micro,Yes,Feasibility Studies,0.0,1.0,1.0,Scotland,False,,2013-11-29,3.2,Scotland,Private Limited,1.0,3,0,2016,28688,-80807.0,28759,,-52048,71.0,,,,-80807.0,-52048.0,0.355,2.809798671720157,-52119.0,,,0,82990.0,0,2025-09-03,1,44897.0,2017,2017,0.0,1,,
08438828,Cohort C,2017-02-01,2017,28164.0,Clean Growth & Infrastructure,Micro,Micro,Yes,Feasibility Studies,1.0,19.0,1.0,South East,False,,2013-11-03,3.2,South Eastern,Private Limited,1.0,3,0,2016,6897,-38999.0,10572,,-28427,3675.0,,,,-38999.0,-28427.0,0.177,3.688895194854332,-32102.0,,,0,26511.0,0,2026-01-29,1,28164.0,2017,2017,1.0,1,,
08028514,Cohort C,2017-02-01,2017,0.0,Clean Growth & Infrastructure,Micro,Micro,No,EU-Funded,0.0,1.0,1.0,Yorkshire and The Humber,False,,2012-12-04,4.2,North West,Private Limited,1.0,0,0,2016,41747,-648474.0,41747,,-606727,,,,,-648474.0,-606727.0,0.064,15.53342755168036,-606727.0,,,0,32990.0,1,2019-07-12,1,0.0,2017,2017,0.0,1,,
01514558,Cohort C,2017-02-01,2017,52127.0,Clean Growth & Infrastructure,Small,Small,No,Collaborative R&D,1.0,3.0,1.0,East Midlands,False,,1980-08-28,36.4,East Midlands,Private Limited,1.0,3,0,2016,2074702,-1472022.0,2248239,-4900.0,776217,173537.0,2053906.0,-214177.0,10371.0,-1476922.0,771317.0,1.409,0.6569239302405127,602680.0,-0.104,-0.095,0,24100.0,0,2025-09-18,1,52127.0,2017,2017,1.0,1,,
04754303,Cohort C,2017-02-01,2017,38952.0,Clean Growth & Infrastructure,Micro,Micro,Yes,Collaborative R&D,1.0,2.0,1.0,South East,False,,2003-06-05,13.7,East Midlands,Private Limited,1.0,1,0,2016,14086,-9870.0,16486,-480.0,6616,2400.0,,,,-10350.0,6136.0,1.427,0.6278054106514619,4216.0,,,0,72190.0,0,2026-02-27,1,38952.0,2017,2017,1.0,1,,
01787682,Cohort C,2017-02-01,2017,98347.0,Clean Growth & Infrastructure,Small,Small,No,Collaborative R&D,1.0,2.0,1.0,South East,False,,1984-01-31,33.0,Southern,Private Limited,1.0,3,0,2016,1589965,-249266.0,2029887,-595000.0,1780621,439922.0,,,,-844266.0,1185621.0,6.379,0.4159177333516595,1340699.0,,,0,26511.0,0,2026-03-31,1,98347.0,2017,2017,1.0,1,,
07477498,Cohort C,2017-02-01,2017,260772.0,Clean Growth & Infrastructure,Micro,Micro,Yes,Collaborative R&D,0.0,1.0,1.0,South East,False,,2010-12-23,6.1,Southern,Private Limited,1.0,0,0,2016,58202,-26977.0,74579,-1035.0,31345,16377.0,,,5786.0,-28012.0,46567.0,2.157,0.3756017109373953,31225.0,,,0,62020.0,1,2023-08-16,1,260772.0,2017,2017,0.0,1,,
08775150,Cohort C,2017-02-01,2017,31500.0,Clean Growth & Infrastructure,Micro,Micro,Yes,Feasibility Studies,0.0,1.0,1.0,London,False,,2013-11-14,3.2,Wales,Private Limited,1.0,0,0,2016,21980,-5409.0,21980,-12929.0,16571,,,,,-18338.0,3642.0,4.064,0.8343039126478617,16571.0,,,0,74909.0,1,2019-09-03,1,31500.0,2017,2017,0.0,1,,
08864748,Cohort C,2017-02-01,2017,69976.0,Clean Growth & Infrastructure,Micro,Micro,Yes,Feasibility Studies,1.0,3.0,1.0,South East,False,,2014-01-28,3.0,South Eastern,Private Limited,1.0,1,0,2016,100,,100,,100,,,,,,,,,,,,0,35210.0,0,2025-10-13,1,69976.0,2017,2017,1.0,1,,
07179872,Cohort C,2017-02-01,2017,68397.0,Clean Growth & Infrastructure,Small,Small,Yes,Feasibility Studies,1.0,9.0,1.0,London,False,,2010-05-03,6.8,South Western,Private Limited,1.0,2,0,2016,196584,-48014.0,199146,-525628.0,151132,2562.0,,,,-573642.0,-374496.0,4.094,2.880509776746708,148570.0,,,0,62020.0,0,2025-11-20,1,68397.0,2017,2017,1.0,1,,
03114535,Cohort B,2017-03-01,2017,115086.0,AI & Data Economy,Small,Small,No,Collaborative R&D,0.0,1.0,1.0,East Midlands,False,,1995-10-17,21.4,East Midlands,Private Limited,1.0,3,0,2016,1508445,-1178065.0,1524349,,346284,15904.0,,,,-1178065.0,346284.0,1.28,0.7728315497304095,330380.0,,,0,26702.0,0,2025-06-27,1,115086.0,2017,2017,0.0,1,,
09008551,Cohort C,2017-03-01,2017,38899.0,Clean Growth & Infrastructure,Micro,Micro,Yes,Feasibility Studies,0.0,1.0,1.0,East of England,False,,2014-04-24,2.9,London Outer,Private Limited,1.0,0,0,2016,6809,-2178.0,6809,-24980.0,4631,,,,,-27158.0,-20349.0,3.126,3.98854457335879,4631.0,,,0,42990.0,1,2022-01-20,1,38899.0,2017,2017,0.0,1,,
08203736,Cohort C,2017-03-01,2017,35000.0,Clean Growth & Infrastructure,Micro,Micro,Yes,Feasibility Studies,0.0,1.0,1.0,East of England,False,,2012-06-09,4.7,Southern,Private Limited,1.0,0,0,2016,15007,-800.0,15007,-23000.0,14207,,,,,-23800.0,-8793.0,18.759,1.585926567601786,14207.0,,,0,32990.0,1,2019-12-30,1,35000.0,2017,2017,0.0,1,,
SC424501,Cohort C,2017-03-01,2017,56000.0,Clean Growth & Infrastructure,Micro,Micro,No,Feasibility Studies,1.0,2.0,1.0,Scotland,False,,2012-05-22,4.8,Scotland,Private Limited,1.0,1,0,2016,2148,-98616.0,35409,,-96468,33261.0,,,,-98616.0,-63207.0,0.022,2.785054647123613,-96468.0,,,0,74909.0,0,2026-02-25,1,56000.0,2017,2017,1.0,1,,
04646003,Cohort C,2017-03-01,2017,185519.0,Clean Growth & Infrastructure,Small,Small,Yes,Feasibility Studies,1.0,21.0,1.0,East of England,False,,2003-01-23,14.1,London Inner,Private Limited,1.0,0,0,2016,9975732,-8897169.0,9989823,-1631.0,1092654,14091.0,,,,-8898800.0,1091023.0,1.121,0.890786553475472,1078563.0,,,0,74901.0,1,2023-11-20,1,185519.0,2017,2017,1.0,1,,
06213110,Cohort C,2017-03-01,2017,14578.0,Clean Growth & Infrastructure,Micro,Micro,No,Feasibility Studies,0.0,1.0,1.0,South West,False,,2007-04-16,9.9,South Western,Private Limited,1.0,2,0,2016,16566,-13434.0,16877,,3443,311.0,,,,-13434.0,3443.0,1.233,0.7959945487942169,3132.0,,,0,74901.0,0,2025-10-27,1,14578.0,2017,2017,0.0,1,,
07603406,Cohort C,2017-03-01,2017,4399.0,Clean Growth & Infrastructure,Small,Small,No,Feasibility Studies,1.0,3.0,1.0,South West,False,,2011-04-13,5.9,South Western,Private Limited,1.0,0,0,2016,640295,-102052.0,642321,-102179.0,540269,2026.0,723057.0,-252252.0,25895.0,-204231.0,438090.0,6.274,0.3179578435081525,538243.0,-0.349,-0.393,0,71121.0,1,2022-02-02,1,4399.0,2017,2017,1.0,1,,
08434822,Cohort C,2017-03-01,2017,14100.0,Clean Growth & Infrastructure,Micro,Micro,No,Feasibility Studies,0.0,1.0,1.0,South West,False,,2013-07-03,3.7,South Western,Private Limited,1.0,2,0,2016,18700,-16663.0,21984,,5321,3284.0,,,,-16663.0,5321.0,1.122,0.7579603347889374,2037.0,,,0,70229.0,0,2025-11-17,1,14100.0,2017,2017,0.0,1,,
07525850,Cohort C,2017-03-01,2017,106107.0,Clean Growth & Infrastructure,Micro,Micro,Yes,Feasibility Studies,0.0,1.0,1.0,South West,False,,2011-10-02,5.4,South Western,Private Limited,1.0,1,0,2016,259,-24936.0,8763,,-24677,8504.0,,,,-24936.0,-16173.0,0.0105,2.845600821636426,-24677.0,,,0,35110.0,0,2025-05-13,1,106107.0,2017,2017,0.0,1,,
09182461,Cohort C,2017-03-01,2017,87632.0,Clean Growth & Infrastructure,Micro,Micro,Yes,Collaborative R&D,1.0,8.0,1.0,Yorkshire and The Humber,False,,2014-08-19,2.5,Yorks & Humberside,Private Limited,1.0,2,0,2016,17473,-81975.0,17473,,-64502,,,,,-81975.0,-64502.0,0.213,4.691524065701368,-64502.0,,,0,72190.0,0,2025-11-14,1,87632.0,2017,2017,1.0,1,,
03867095,Cohort C,2017-03-01,2017,114620.0,Clean Growth & Infrastructure,Medium,Medium,No,Collaborative R&D,0.0,1.0,1.0,North East,False,,1999-10-27,17.3,South Western,Private Limited,1.0,6,0,2016,2454449,-1697609.0,3176090,-96573.0,1478481,721641.0,5934116.0,532023.0,83710.0,-1794182.0,1381908.0,1.446,0.5649027577933875,756840.0,0.09,0.168,0,32990.0,0,2025-09-26,1,114620.0,2017,2017,0.0,1,,
02945270,Cohort C,2017-03-01,2017,140204.0,Clean Growth & Infrastructure,Medium,Medium,No,Collaborative R&D,0.0,1.0,1.0,North East,False,,1994-04-07,22.9,Northern,Private Limited,1.0,4,0,2016,11613761,-2900425.0,13544027,,10643602,1930266.0,14688450.0,-429685.0,-1079316.0,-2900425.0,10643602.0,4.004,0.2141479044600251,8713336.0,-0.029,-0.032,0,25110.0,0,2026-03-04,1,140204.0,2017,2017,0.0,1,,
02018267,Cohort C,2017-03-01,2017,96832.0,Clean Growth & Infrastructure,Small,Small,Yes,Feasibility Studies,1.0,3.0,1.0,South East,False,,1986-09-05,30.5,South Eastern,Private Limited,1.0,7,0,2016,1397549,-29556.0,2022845,-174042.0,1993289,625296.0,,,,-203598.0,1819247.0,47.285,0.1006493329938774,1367993.0,,,0,72190.0,0,2026-01-23,1,96832.0,2017,2017,1.0,1,,
06513840,Cohort C,2017-03-01,2017,66262.0,Clean Growth & Infrastructure,Micro,Micro,No,Feasibility Studies,1.0,3.0,1.0,South East,False,,2008-02-26,9.0,Northern,Private Limited,1.0,1,0,2016,292214,-271645.0,817553,-326491.0,545908,525339.0,,,,-598136.0,219417.0,1.076,0.7316173997282134,20569.0,,,0,74909.0,0,2025-12-18,1,66262.0,2017,2017,1.0,1,,
05949781,Cohort C,2017-03-01,2017,245359.0,Clean Growth & Infrastructure,Medium,Medium,Yes,Collaborative R&D,1.0,2.0,1.0,Yorkshire and The Humber,False,,2006-09-28,10.4,East Midlands,Private Limited,1.0,4,0,2016,3004000,-5309000.0,3444000,-202000.0,-1865000,440000.0,8424000.0,-2012000.0,-488000.0,-5511000.0,-2067000.0,0.566,1.600174216027874,-2305000.0,-0.239,-0.584,0,28921.0,1,2017-04-13,1,245359.0,2017,2017,1.0,1,,
06525345,Cohort C,2017-03-01,2017,479902.0,Clean Growth & Infrastructure,Micro,Micro,Yes,Collaborative R&D,1.0,5.0,1.0,North West,False,,2008-06-03,8.7,North West,Private Limited,1.0,0,0,2016,2,,2,,2,,,,,,,,,,,,0,72190.0,1,2025-02-03,1,479902.0,2017,2017,1.0,1,,
08368804,Cohort C,2017-03-01,2017,331854.0,Clean Growth & Infrastructure,Micro,Micro,No,Collaborative R&D,1.0,3.0,1.0,South West,False,,2013-01-21,4.1,South Western,Private Limited,1.0,6,0,2016,10072,-22063.0,10072,,-11991,,,,,-22063.0,-11991.0,0.457,2.190528196981731,-11991.0,,,0,39000.0,0,2025-11-27,1,331854.0,2017,2017,1.0,1,,
02499874,Cohort C,2017-03-01,2017,207176.0,Clean Growth & Infrastructure,Micro,Micro,No,Collaborative R&D,1.0,2.0,1.0,East Midlands,False,,1990-08-05,26.6,North West,Private Limited,1.0,1,0,2016,160108,-124311.0,374414,-139485.0,250103,214306.0,,,921.0,-263796.0,110618.0,1.288,0.7045569877194763,35797.0,,,0,70100.0,0,2025-09-26,1,207176.0,2017,2017,1.0,1,,
SC079314,Cohort C,2017-03-01,2017,161690.0,Clean Growth & Infrastructure,Small,Small,Yes,Collaborative R&D,1.0,2.0,1.0,Scotland,False,,1982-06-29,34.7,Scotland,Private Limited,1.0,3,0,2016,543998,-556166.0,2840440,-1512028.0,1181981,2296442.0,,,145838.0,-2068194.0,772246.0,0.978,0.7281245159200688,-12168.0,,,0,27120.0,0,2025-09-25,1,161690.0,2017,2017,1.0,1,,
09014101,Cohort C,2017-03-01,2017,173853.0,Clean Growth & Infrastructure,Micro,Micro,No,Collaborative R&D,1.0,6.0,1.0,London,False,,2014-04-28,2.8,London Outer,Private Limited,1.0,0,0,2016,314882,-15178.0,327586,,305523,12704.0,,,,-15178.0,312408.0,20.746,0.04633287136812928,299704.0,,,0,62012.0,1,2022-10-21,1,173853.0,2017,2017,1.0,1,,
09495436,Cohort C,2017-03-01,2017,115977.0,Clean Growth & Infrastructure,Micro,Micro,No,Collaborative R&D,1.0,3.0,1.0,South East,False,,2015-03-18,2.0,South Western,Private Limited,1.0,1,0,2016,48465,-45577.0,48465,,2888,,,,,-45577.0,2888.0,1.063,0.9404106055916641,2888.0,,,0,70229.0,1,2022-05-17,1,115977.0,2017,2017,1.0,1,,
08964743,Cohort C,2017-03-01,2017,44000.0,Clean Growth & Infrastructure,Micro,Micro,Yes,Feasibility Studies,1.0,4.0,1.0,West Midlands,False,,2014-03-28,2.9,Southern,Private Limited,1.0,2,0,2016,322,-71326.0,1337,,-69989,1015.0,,,,-71326.0,-69989.0,0.0105,27.9682898000876,-71004.0,,,0,71122.0,0,2025-09-29,1,44000.0,2017,2017,1.0,1,,
07436582,Cohort C,2017-03-01,2017,66861.0,Clean Growth & Infrastructure,Micro,Micro,Yes,Feasibility Studies,0.0,1.0,1.0,West Midlands,False,,2010-11-11,6.3,Yorks & Humberside,Private Limited,1.0,0,0,2016,237624,-244840.0,245533,,693,7909.0,,,,-244840.0,693.0,0.971,0.997177568799306,-7216.0,,,0,72110.0,0,2024-12-10,1,66861.0,2017,2017,0.0,1,,
08771953,Cohort C,2017-04-01,2017,67516.0,Clean Growth & Infrastructure,Micro,Micro,Yes,Feasibility Studies,1.0,6.0,1.0,London,False,,2013-12-11,3.3,London Inner,Guarantee,1.0,5,0,2016,5179,-6455.0,7128,,673,1949.0,9714.0,-1017.0,,-6455.0,673.0,0.802,0.9055836139169473,-1276.0,-0.105,-0.143,0,71122.0,0,2026-05-23,1,67516.0,2017,2017,1.0,1,,
07935518,Cohort C,2017-04-01,2017,118220.0,Clean Growth & Infrastructure,Micro,Micro,Yes,Feasibility Studies,1.0,8.0,1.0,South East,False,,2012-03-02,5.1,South Eastern,Private Limited,1.0,3,0,2016,49650,-14088.0,49650,-23789.0,35562,,98896.0,18000.0,,-37877.0,11773.0,3.524,0.7628801611278953,35562.0,0.182,0.363,0,35130.0,0,2025-11-28,1,118220.0,2017,2017,1.0,1,,
09829727,Cohort C,2017-04-01,2017,110960.0,Clean Growth & Infrastructure,Micro,Micro,Yes,Feasibility Studies,1.0,10.0,1.0,London,False,,2015-10-19,1.5,Eastern,Private Limited,1.0,7,0,2016,42029,-42157.0,42734,-141.0,577,705.0,,,,-42298.0,436.0,0.997,0.9897973510553657,-128.0,,,0,72190.0,0,2025-11-25,1,110960.0,2017,2017,1.0,1,,
SC458432,Cohort C,2017-04-01,2017,150760.0,Clean Growth & Infrastructure,Micro,Micro,Yes,Feasibility Studies,0.0,1.0,1.0,Scotland,False,,2013-05-09,3.9,Scotland,Private Limited,1.0,4,0,2016,17291,-39262.0,17868,,-21394,577.0,,,,-39262.0,-21394.0,0.44,2.197336019700022,-21971.0,,,0,72190.0,0,2025-06-10,1,150760.0,2017,2017,0.0,1,,
08589358,Cohort C,2017-04-01,2017,139891.0,Clean Growth & Infrastructure,Micro,Micro,Yes,Feasibility Studies,1.0,2.0,1.0,London,False,,2013-06-28,3.8,London Inner,Private Limited,1.0,3,0,2016,185530,-15162.0,185723,,170561,193.0,,,,-15162.0,170561.0,12.237,0.08163770776909698,170368.0,,,0,27110.0,0,2026-06-05,1,139891.0,2017,2017,1.0,1,,
00995699,Cohort C,2017-04-01,2017,15520.0,Clean Growth & Infrastructure,Small,Small,No,Feasibility Studies,0.0,1.0,1.0,West Midlands,False,,1970-11-30,46.3,East Midlands,Private Limited,1.0,2,0,2016,2155276,-727867.0,10686527,-7639654.0,9958660,8531251.0,5876479.0,-716410.0,-406009.0,-8367521.0,2319006.0,2.961,0.782997226320581,1427409.0,-0.122,-0.067,0,1460.0,0,2026-01-17,1,15520.0,2017,2017,0.0,1,,
SC215385,Cohort C,2017-04-01,2017,32586.0,Clean Growth & Infrastructure,Micro,Micro,No,Feasibility Studies,0.0,1.0,1.0,Scotland,False,,2001-05-02,15.9,Scotland,Guarantee,1.0,0,0,2016,56737,-27625.0,57298,,29673,561.0,189768.0,3899.0,-18222.0,-27625.0,29673.0,2.054,0.4821285210653077,29112.0,0.021,0.068,0,85590.0,1,2021-10-13,1,32586.0,2017,2017,0.0,1,,
03576615,Cohort C,2017-04-01,2017,69951.0,Clean Growth & Infrastructure,Micro,Micro,Yes,Feasibility Studies,0.0,1.0,1.0,South East,False,,1998-05-06,18.9,Southern,Private Limited,1.0,2,0,2016,527194,-140406.0,562382,-6724.0,421976,35188.0,,,,-147130.0,415252.0,3.755,0.2616193263653531,386788.0,,,0,71129.0,0,2025-12-15,1,69951.0,2017,2017,0.0,1,,
SC471006,Cohort C,2017-04-01,2017,67508.0,Clean Growth & Infrastructure,Micro,Micro,Yes,Feasibility Studies,0.0,1.0,1.0,Scotland,False,,2014-02-26,3.1,Scotland,Private Limited,1.0,1,0,2016,52922,-67866.0,54430,,-13436,1508.0,,,,-67866.0,-13436.0,0.78,1.246849164063935,-14944.0,,,0,26512.0,0,2026-06-04,1,67508.0,2017,2017,0.0,1,,
01501167,Cohort C,2017-04-01,2017,62798.0,Clean Growth & Infrastructure,Small,Small,Yes,Feasibility Studies,1.0,3.0,1.0,East of England,False,,1980-11-06,36.4,Eastern,Private Limited,1.0,4,0,2016,228686,-67530.0,253903,,177250,25217.0,,,,-67530.0,186373.0,3.386,0.2659677120790223,161156.0,,,0,72190.0,0,2026-02-27,1,62798.0,2017,2017,1.0,1,,
09072667,Cohort C,2017-04-01,2017,73011.0,Clean Growth & Infrastructure,Micro,Micro,Yes,Feasibility Studies,1.0,3.0,1.0,North West,False,,2014-05-06,2.9,North West,Private Limited,1.0,0,0,2016,45840,-33701.0,54145,-168544.0,12650,8305.0,,,2435.0,-202245.0,-148100.0,1.36,3.735247945331979,12139.0,,,0,74901.0,1,2022-09-29,1,73011.0,2017,2017,1.0,1,,
01684362,Cohort C,2017-04-01,2017,217219.0,Clean Growth & Infrastructure,Small,Small,No,Collaborative R&D,1.0,2.0,1.0,East of England,False,,1982-06-12,34.8,Eastern,Private Limited,1.0,2,0,2016,4078261,-1904134.0,9199596,-1210187.0,7204636,5121335.0,,,,-3114321.0,6085275.0,2.142,0.3385280179694847,2174127.0,,,0,46690.0,0,2025-12-18,1,217219.0,2017,2017,1.0,1,,
09617215,Cohort C,2017-04-01,2017,34196.0,Clean Growth & Infrastructure,Micro,Micro,Yes,Feasibility Studies,1.0,6.0,1.0,South East,False,,2015-01-06,2.2,Southern,Private Limited,1.0,3,0,2016,37076,-17387.0,92899,-461000.0,21884,55823.0,,,,-478387.0,-385488.0,2.132,5.149538746380478,19689.0,,,0,32990.0,0,2026-03-31,1,34196.0,2017,2017,1.0,1,,
08873073,Cohort C,2017-04-01,2017,68446.0,Clean Growth & Infrastructure,Micro,Micro,Yes,Feasibility Studies,0.0,1.0,1.0,London,False,,2014-03-02,3.1,Northern,Private Limited,1.0,0,0,2016,25819,-49245.0,26869,,-22376,1050.0,,,,-49245.0,-22376.0,0.524,1.832781272097957,-23426.0,,,0,62090.0,1,2023-07-25,1,68446.0,2017,2017,0.0,1,,
03879156,Cohort C,2017-04-01,2017,0.0,Clean Growth & Infrastructure,Medium,Medium,No,Collaborative R&D,1.0,3.0,1.0,West Midlands,False,,1999-12-11,17.3,West Midlands,Private Limited,0.0,4,0,2016,525762000,-145378000.0,566991000,-134378000.0,395503000,41229000.0,307236000.0,31020000.0,-1905000.0,-279756000.0,287235000.0,3.617,0.4934046572167812,380384000.0,0.101,0.055,0,25210.0,0,2025-09-16,1,0.0,2017,2017,1.0,1,,
07300839,Cohort C,2017-04-01,2017,845666.0,Clean Growth & Infrastructure,Small,Small,Yes,Collaborative R&D,1.0,9.0,1.0,East of England,False,,2010-01-07,7.2,Southern,Private Limited,1.0,2,0,2016,155053,-70610.0,158651,-3668.0,88041,3598.0,287123.0,-229867.0,10089.0,-74278.0,84373.0,2.196,0.4681848838015518,84443.0,-0.801,-1.449,0,72190.0,0,2025-09-30,1,845666.0,2017,2017,1.0,1,,
04531745,Cohort C,2017-04-01,2017,73665.0,Clean Growth & Infrastructure,Small,Small,Yes,Collaborative R&D,1.0,2.0,1.0,South East,False,,2002-11-09,14.4,Eastern,Private Limited,1.0,2,0,2016,769584,-446813.0,783035,,336222,13451.0,,,,-446813.0,336222.0,1.722,0.5706168945194021,322771.0,,,0,72190.0,0,2026-04-21,1,73665.0,2017,2017,1.0,1,,
04891403,Cohort C,2017-04-01,2017,138753.0,Clean Growth & Infrastructure,Micro,Micro,Yes,Collaborative R&D,0.0,1.0,1.0,South West,False,,2003-08-09,13.6,South Western,Private Limited,1.0,0,0,2016,9160,-71531.0,10601,-3100.0,-60930,1441.0,,,,-74631.0,-64030.0,0.128,7.039996226771059,-62371.0,,,0,61900.0,1,2021-06-30,1,138753.0,2017,2017,0.0,1,,
01291233,Cohort C,2017-04-01,2017,18078.0,Clean Growth & Infrastructure,Micro,Micro,No,Collaborative R&D,1.0,2.0,1.0,West Midlands,False,,1976-12-17,40.3,West Midlands,Private Limited,1.0,2,0,2016,192858,-40655.0,193373,,152718,515.0,,,,-40655.0,152718.0,4.744,0.2102413470339706,152203.0,,,0,26301.0,0,2026-04-10,1,18078.0,2017,2017,1.0,1,,
09361913,Cohort C,2017-04-01,2017,38321.0,Clean Growth & Infrastructure,Micro,Micro,Yes,Feasibility Studies,1.0,4.0,1.0,South East,False,,2014-12-19,2.3,London Outer,Private Limited,1.0,2,0,2016,120,-26502.0,120,,-26382,,,,,-26502.0,-26382.0,0.0105,27.9682898000876,-26382.0,,,0,72190.0,0,2025-12-17,1,38321.0,2017,2017,1.0,1,,
SC445554,Cohort B,2017-05-01,2017,238279.0,AI & Data Economy,Micro,Micro,Yes,Collaborative R&D,1.0,9.0,1.0,Scotland,False,,2013-03-20,4.1,Scotland,Private Limited,1.0,5,0,2016,130002,-68449.0,167329,-10262.0,98880,37327.0,,,,-78711.0,88618.0,1.899,0.4703966437377861,61553.0,,,0,82990.0,0,2026-03-02,1,238279.0,2017,2017,1.0,1,0.0,1.0
02168579,Cohort C,2017-05-01,2017,94298.0,Clean Growth & Infrastructure,Micro,Micro,Yes,Feasibility Studies,1.0,3.0,1.0,South East,False,,1987-09-23,29.6,Southern,Private Limited,1.0,2,0,2016,226781,-28323.0,228183,-103668.0,199860,1402.0,,,,-131991.0,96192.0,8.007,0.5784436176226976,198458.0,,,0,72200.0,0,2025-12-19,1,94298.0,2017,2017,1.0,1,,
06392792,Cohort C,2017-05-01,2017,195805.0,Clean Growth & Infrastructure,Micro,Micro,No,Collaborative R&D,0.0,1.0,1.0,South East,False,,2007-08-10,9.7,Southern,Private Limited,1.0,0,0,2016,71314,-49850.0,74992,-995.0,25142,3678.0,,,,-50845.0,24147.0,1.431,0.6780056539364199,21464.0,,,0,71122.0,1,2022-07-13,1,195805.0,2017,2017,0.0,1,,
01801446,Cohort B,2017-06-01,2017,165528.0,AI & Data Economy,Medium,Medium,No,Collaborative R&D,1.0,2.0,1.0,South East,False,,1984-03-20,33.2,Southern,Private Limited,1.0,3,0,2016,13197000,-5950000.0,16581000,-853000.0,7434000,3384000.0,15458000.0,3559000.0,-217000.0,-6803000.0,9778000.0,2.218,0.4102888848682227,7247000.0,0.23,0.215,0,26511.0,0,2025-02-27,1,165528.0,2017,2017,1.0,1,,
07633047,Cohort C,2017-06-01,2017,521550.0,Clean Growth & Infrastructure,Micro,Micro,Yes,Collaborative R&D,1.0,10.0,1.0,South East,False,,2011-05-13,6.1,South Western,Private Limited,1.0,7,0,2016,396846,-112630.0,396846,,284216,,,,,-112630.0,284216.0,3.523,0.2838128644360785,284216.0,,,0,72110.0,0,2026-05-29,1,521550.0,2017,2017,1.0,1,,
SC289495,Cohort C,2017-06-01,2017,22567.0,Clean Growth & Infrastructure,Micro,Micro,No,Feasibility Studies,0.0,1.0,1.0,Scotland,False,,2005-08-26,11.8,Scotland,Private Limited,1.0,4,0,2016,956627,-735819.0,1301805,-15078.0,565986,345178.0,,,,-750897.0,550908.0,1.3,0.5768121953748834,220808.0,,,0,46740.0,0,2025-06-20,1,22567.0,2017,2017,0.0,1,,
NI035239,Cohort C,2017-06-01,2017,125800.0,Clean Growth & Infrastructure,Small,Small,No,Collaborative R&D,0.0,1.0,1.0,Northern Ireland,False,,1998-11-23,18.5,Northern Ireland,Private Limited,1.0,2,0,2016,189821,-865791.0,2528175,-556940.0,1596949,2338354.0,,,,-1422731.0,1105444.0,0.219,0.5627502051875365,-675970.0,,,0,25990.0,0,2025-12-09,1,125800.0,2017,2017,0.0,1,,
03343315,Cohort C,2017-06-01,2017,16317.0,Clean Growth & Infrastructure,Small,Small,No,Collaborative R&D,1.0,2.0,1.0,East of England,False,,1997-01-04,20.4,East Midlands,Private Limited,1.0,0,0,2016,1333202,-206869.0,1711362,-58655.0,1504493,378160.0,,,,-265524.0,1445838.0,6.445,0.1551536144895119,1126333.0,,,0,46140.0,1,2024-10-16,1,16317.0,2017,2017,1.0,1,,
04925854,Cohort C,2017-06-01,2017,92472.0,Clean Growth & Infrastructure,Small,Small,No,Collaborative R&D,1.0,2.0,1.0,London,False,,2003-08-10,13.8,London Inner,Private Limited,1.0,3,0,2016,1031876,-932915.0,1056353,,123438,24477.0,3242142.0,104931.0,236694.0,-932915.0,123438.0,1.106,0.8831470161962904,98961.0,0.032,0.099,0,71122.0,0,2026-03-24,1,92472.0,2017,2017,1.0,1,,
SC360523,Cohort C,2017-06-01,2017,53840.0,Clean Growth & Infrastructure,Micro,Micro,No,Collaborative R&D,0.0,1.0,1.0,Scotland,False,,2009-02-06,8.3,Scotland,Private Limited,1.0,3,0,2016,711,-57268.0,1492,-156.0,-55776,781.0,,,,-57424.0,-55932.0,0.012,27.9682898000876,-56557.0,,,0,52290.0,0,2025-10-02,1,53840.0,2017,2017,0.0,1,,
07072191,Cohort C,2017-07-01,2017,69843.0,Clean Growth & Infrastructure,Micro,Micro,Yes,Feasibility Studies,1.0,6.0,1.0,East of England,False,,2009-11-11,7.6,Eastern,Private Limited,1.0,2,0,2016,26743,,26743,-49316.0,26743,,,,,,,,,,,,0,72190.0,0,2024-12-10,1,69843.0,2017,2017,1.0,1,,
09219565,Cohort C,2017-08-01,2017,110922.0,Clean Growth & Infrastructure,Micro,Micro,No,Collaborative R&D,0.0,1.0,1.0,London,False,,2014-09-16,2.9,Northern,Private Limited,1.0,1,0,2016,40644,-7441.0,51208,,43767,10564.0,,,387.0,-7441.0,43767.0,5.462,0.1453093266677082,33203.0,,,0,74909.0,0,2025-03-12,1,110922.0,2017,2017,0.0,1,,
07022645,Cohort C,2017-08-01,2017,432373.0,Clean Growth & Infrastructure,Micro,Micro,Yes,Collaborative R&D,1.0,5.0,1.0,Yorkshire and The Humber,False,,2009-09-17,7.9,Yorks & Humberside,Private Limited,1.0,2,0,2016,210209,-29399.0,213636,-52398.0,184237,3427.0,,,,-81797.0,131839.0,7.15,0.3828802261791084,180810.0,,,0,82990.0,0,2025-09-13,1,432373.0,2017,2017,1.0,1,,
02570711,Cohort C,2017-08-01,2017,306635.0,Clean Growth & Infrastructure,Small,Small,Yes,Collaborative R&D,0.0,1.0,1.0,South West,False,,1990-12-24,26.6,Southern,Private Limited,1.0,3,0,2016,683206,-178406.0,2113610,-313409.0,700644,1430404.0,,,,-491815.0,1621795.0,3.83,0.2326895690311836,504800.0,,,0,26309.0,0,2025-11-27,1,306635.0,2017,2017,0.0,1,,
06352633,Cohort C,2017-08-01,2017,56594.0,Clean Growth & Infrastructure,Small,Small,Yes,Feasibility Studies,0.0,1.0,1.0,South West,False,,2007-08-28,9.9,South Western,Private Limited,1.0,2,0,2016,209412,-161864.0,214918,,53054,5506.0,,,,-161864.0,53054.0,1.294,0.7531430592132814,47548.0,,,0,62020.0,0,2026-05-29,1,56594.0,2017,2017,0.0,1,,
03564748,Cohort C,2017-08-01,2017,131096.7,Clean Growth & Infrastructure,Micro,Micro,No,Collaborative R&D,0.0,1.0,1.0,South East,False,,1998-05-15,19.2,Southern,Private Limited,1.0,0,0,2016,229661,-140117.0,229662,,89545,1.0,,,,-140117.0,89545.0,1.639,0.6101009309332845,89544.0,,,0,49100.0,1,2023-07-27,1,131096.7,2017,2017,0.0,1,,
04512334,Cohort C,2017-08-01,2017,82861.8,Clean Growth & Infrastructure,Micro,Micro,No,Collaborative R&D,0.0,1.0,1.0,Yorkshire and The Humber,False,,2002-08-15,15.0,Yorks & Humberside,Private Limited,1.0,0,0,2016,12784,-15229.0,13430,,-1799,646.0,,,,-15229.0,-1799.0,0.839,1.133953834698436,-2445.0,,,0,52220.0,1,2022-03-25,1,82861.8,2017,2017,0.0,1,,
02608951,Cohort C,2017-08-01,2017,42248.82,Clean Growth & Infrastructure,Small,Small,No,Collaborative R&D,0.0,1.0,1.0,Yorkshire and The Humber,False,,1991-09-05,25.9,Yorks & Humberside,Private Limited,1.0,1,0,2016,163816,-302417.0,169930,-18692.0,-132487,6114.0,,,,-321109.0,-151179.0,0.542,1.889654563643853,-138601.0,,,0,73200.0,0,2026-04-22,1,42248.82,2017,2017,0.0,1,,
07652880,Cohort B,2017-09-01,2017,118899.0,AI & Data Economy,Micro,Micro,Yes,Collaborative R&D,1.0,3.0,1.0,North West,False,,2011-05-31,6.3,North West,Private Limited,1.0,2,0,2016,298911,-81353.0,587720,-4056.0,506367,288809.0,,,,-85409.0,502311.0,3.674,0.1453226025998775,217558.0,,,0,26110.0,0,2026-04-30,1,118899.0,2017,2017,1.0,1,0.0,1.0
05782669,Cohort B,2017-09-01,2017,26431.0,AI & Data Economy,Micro,Micro,No,Feasibility Studies,0.0,1.0,1.0,East of England,False,,2006-04-18,11.4,Eastern,Private Limited,1.0,2,0,2016,115917,-83700.0,260188,-438.0,33168,144271.0,,,,-84138.0,176050.0,1.385,0.3233738681261242,32217.0,,,0,70229.0,0,2025-06-13,1,26431.0,2017,2017,0.0,1,,
03923966,Cohort C,2017-09-01,2017,210000.0,Clean Growth & Infrastructure,Micro,Micro,Yes,Feasibility Studies,0.0,1.0,1.0,South East,False,,2000-11-02,16.8,London Outer,Private Limited,1.0,4,0,2016,87633,-999.0,113598,,86634,25965.0,,,,-999.0,112599.0,87.721,0.01159327931658461,86634.0,,,0,6200.0,0,2026-04-21,1,210000.0,2017,2017,0.0,1,,
08508966,Cohort C,2017-09-01,2017,31911.0,Clean Growth & Infrastructure,Micro,Micro,Yes,Feasibility Studies,1.0,16.0,1.0,South East,False,,2013-04-29,4.3,Southern,Private Limited,1.0,3,0,2016,652319,-1554778.0,1609570,,54792,957251.0,,,,-1554778.0,54792.0,0.42,0.9659586100635573,-902459.0,,,0,74901.0,0,2025-06-06,1,31911.0,2017,2017,1.0,1,,
06829247,Cohort C,2017-09-01,2017,107283.0,Clean Growth & Infrastructure,Micro,Micro,No,Feasibility Studies,1.0,6.0,1.0,South East,False,,2009-02-25,8.5,Southern,Private Limited,1.0,2,0,2016,13301,-13272.0,13301,,29,,,,,-13272.0,29.0,1.002,0.9978197128035486,29.0,,,0,70229.0,0,2025-09-13,1,107283.0,2017,2017,1.0,1,,
08328950,Cohort C,2017-09-01,2017,78778.0,Clean Growth & Infrastructure,Micro,Micro,Yes,Feasibility Studies,1.0,3.0,1.0,London,False,,2012-12-12,4.7,Southern,Private Limited,1.0,2,0,2016,36542,-43241.0,58662,-25300.0,15421,22120.0,,,,-68541.0,-9879.0,0.845,1.168405441341925,-6699.0,,,0,32990.0,0,2025-09-25,1,78778.0,2017,2017,1.0,1,,
07167633,Cohort C,2017-09-01,2017,46428.0,Clean Growth & Infrastructure,Small,Small,Yes,Feasibility Studies,0.0,1.0,1.0,East Midlands,False,,2010-02-24,7.5,North West,Private Limited,1.0,0,0,2016,172721,-34900.0,324133,,289233,151412.0,,,,-34900.0,289233.0,4.949,0.1076718507526232,137821.0,,,0,16290.0,1,2021-07-19,1,46428.0,2017,2017,0.0,1,,
06097205,Cohort C,2017-09-01,2017,260028.0,Clean Growth & Infrastructure,Micro,Micro,Yes,Collaborative R&D,1.0,3.0,1.0,Wales,False,,2007-12-02,9.7,North West,Private Limited,1.0,1,0,2016,2607937,-2781436.0,2884808,,-103680,276871.0,,,257605.0,-2781436.0,103372.0,0.938,0.9641667660378092,-173499.0,,,0,35110.0,0,2025-06-17,1,260028.0,2017,2017,1.0,1,,
04716961,Cohort C,2017-09-01,2017,30427.0,Clean Growth & Infrastructure,Micro,Micro,No,Collaborative R&D,0.0,1.0,1.0,North West,False,,2003-03-31,14.4,North West,Private Limited,1.0,2,0,2016,374157,-255682.0,379177,-609.0,123495,5020.0,,,,-256291.0,122886.0,1.463,0.6759138871819756,118475.0,,,0,26110.0,0,2025-12-18,1,30427.0,2017,2017,0.0,1,,
09245777,Cohort C,2017-09-01,2017,239255.0,Clean Growth & Infrastructure,Small,Small,Yes,Collaborative R&D,0.0,1.0,1.0,South West,False,,2014-02-10,3.6,South Western,Private Limited,1.0,4,0,2016,186012,-281273.0,220195,,-61078,34183.0,,,,-281273.0,-61078.0,0.661,1.277381411930334,-95261.0,,,0,71122.0,0,2026-01-08,1,239255.0,2017,2017,0.0,1,,
SC292116,Cohort C,2017-09-01,2017,466238.0,Clean Growth & Infrastructure,Small,Small,No,Collaborative R&D,1.0,4.0,1.0,Scotland,False,,2005-10-21,11.9,Scotland,Private Limited,1.0,4,0,2016,941602,-663201.0,7201644,-2871090.0,6524147,6260042.0,,,,-3534291.0,3667353.0,1.42,0.4907616927468228,278401.0,,,0,74909.0,0,2025-09-12,1,466238.0,2017,2017,1.0,1,,
08767350,Cohort C,2017-09-01,2017,69040.0,Clean Growth & Infrastructure,Micro,Micro,Yes,Feasibility Studies,0.0,1.0,1.0,South East,False,,2013-08-11,4.1,Southern,Private Limited,1.0,1,0,2016,28828,-327419.0,28828,,-298591,,,,,-327419.0,-298591.0,0.088,11.3576730956015,-298591.0,,,0,20590.0,0,2025-10-27,1,69040.0,2017,2017,0.0,1,,
09010309,Cohort C,2017-09-01,2017,69903.0,Clean Growth & Infrastructure,Micro,Micro,Yes,Feasibility Studies,0.0,1.0,1.0,East Midlands,False,,2014-04-24,3.4,North West,Private Limited,1.0,1,0,2016,115042,-24077.0,118066,,93989,3024.0,,,,-24077.0,93989.0,4.778,0.2039283112835194,90965.0,,,0,62020.0,0,2026-02-02,1,69903.0,2017,2017,0.0,1,,
04543413,Cohort C,2017-09-01,2017,64723.0,Clean Growth & Infrastructure,Medium,Medium,Yes,Feasibility Studies,1.0,3.0,1.0,London,False,,2002-09-24,14.9,London Inner,Private Limited,1.0,3,0,2016,95770,-41461.0,109590,-2764.0,68129,13820.0,,,,-44225.0,65365.0,2.31,0.403549593941053,54309.0,,,0,62012.0,0,2025-06-30,1,64723.0,2017,2017,1.0,1,,
02720198,Cohort C,2017-09-01,2017,8947.0,Clean Growth & Infrastructure,Micro,Micro,No,Feasibility Studies,0.0,1.0,1.0,South West,False,,1992-03-06,25.5,Southern,Private Limited,1.0,1,0,2016,258465,-43169.0,266079,,222910,7614.0,,,,-43169.0,222910.0,5.987,0.1622412892411652,215296.0,,,0,71121.0,0,2025-07-30,1,8947.0,2017,2017,0.0,1,,
06922927,Cohort C,2017-09-01,2017,60437.0,Clean Growth & Infrastructure,Micro,Micro,Yes,Feasibility Studies,0.0,1.0,1.0,South West,False,,2009-03-06,8.5,Southern,Private Limited,1.0,0,0,2016,774,-214930.0,60623,,-154307,59849.0,,,,-214930.0,-154307.0,0.0105,3.545354073536446,-214156.0,,,0,49390.0,1,2023-07-25,1,60437.0,2017,2017,0.0,1,,
09444791,Cohort C,2017-09-01,2017,80123.0,Clean Growth & Infrastructure,Micro,Micro,Yes,Feasibility Studies,0.0,1.0,1.0,East of England,False,,2015-02-17,2.5,Southern,Private Limited,1.0,2,0,2016,90400,-25000.0,90600,-15000.0,65600,200.0,,,,-40000.0,50600.0,3.616,0.4415011037527594,65400.0,,,0,64209.0,0,2025-09-19,1,80123.0,2017,2017,0.0,1,,
07693175,Cohort C,2017-09-01,2017,781429.0,Clean Growth & Infrastructure,Micro,Micro,Yes,Collaborative R&D,1.0,4.0,1.0,London,False,,2011-05-07,6.3,Northern,"Public, Quoted",1.0,6,0,2016,78225,-12012.0,136336,,66313,58111.0,,,,-12012.0,124324.0,6.512,0.08810585612017369,66213.0,,,0,72190.0,0,2025-09-30,1,781429.0,2017,2017,1.0,1,,
09873446,Cohort C,2017-09-01,2017,69890.0,Clean Growth & Infrastructure,Micro,Micro,Yes,Feasibility Studies,1.0,6.0,1.0,London,False,,2015-11-16,1.8,London Inner,Private Limited,1.0,2,0,2016,235713,-124041.0,239822,-117363.0,115781,4109.0,,,,-241404.0,-1582.0,1.9,1.006596559114677,111672.0,,,0,63990.0,0,2025-08-27,1,69890.0,2017,2017,1.0,1,,
SC501215,Cohort B,2017-10-01,2017,250226.0,AI & Data Economy,Micro,Micro,Yes,Collaborative R&D,1.0,7.0,1.0,Scotland,False,,2015-03-23,2.5,Scotland,Private Limited,1.0,1,0,2016,65867,-50432.0,66568,-15708.0,16136,701.0,,,,-66140.0,428.0,1.306,0.9935704843167888,15435.0,,,0,26701.0,0,2025-08-19,1,250226.0,2017,2017,1.0,1,0.0,1.0
03587610,Cohort B,2017-10-01,2017,126910.0,AI & Data Economy,Micro,Micro,Yes,Feasibility Studies,0.0,1.0,1.0,West Midlands,False,,1998-06-25,19.3,West Midlands,Private Limited,1.0,2,0,2016,38976,-9181.0,39875,,30694,899.0,,,,-9181.0,30694.0,4.245,0.2302445141065831,29795.0,,,0,70229.0,0,2025-12-15,1,126910.0,2017,2017,0.0,1,,
SC331391,Cohort B,2017-10-01,2017,30018.0,AI & Data Economy,Small,Small,No,Feasibility Studies,1.0,5.0,1.0,Scotland,False,,2007-09-25,10.0,Scotland,Private Limited,1.0,6,0,2016,758819,-99712.0,835104,-245182.0,726804,76285.0,,,34205.0,-344894.0,490210.0,7.61,0.412995267655286,659107.0,,,0,26511.0,0,2025-11-14,1,30018.0,2017,2017,1.0,1,,
SC347669,Cohort B,2017-10-01,2017,129203.0,AI & Data Economy,Small,Small,Yes,Feasibility Studies,1.0,8.0,1.0,Scotland,False,,2008-08-27,9.1,Scotland,Private Limited,1.0,7,0,2016,202246,-123505.0,240704,,110531,38458.0,,,,-123505.0,117199.0,1.638,0.5130990760436054,78741.0,,,0,74100.0,0,2025-11-14,1,129203.0,2017,2017,1.0,1,,
09255774,Cohort B,2017-10-01,2017,42520.0,AI & Data Economy,Micro,Micro,No,Collaborative R&D,0.0,1.0,1.0,East Midlands,False,,2014-09-10,3.1,East Midlands,Private Limited,1.0,1,0,2016,41046,-17206.0,45142,,27936,4096.0,,,,-17206.0,27936.0,2.386,0.3811528066988614,23840.0,,,0,59112.0,0,2025-11-18,1,42520.0,2017,2017,0.0,1,,
04755217,Cohort C,2017-10-01,2017,24995.0,Clean Growth & Infrastructure,Micro,Micro,Yes,Feasibility Studies,0.0,1.0,1.0,South West,False,,2003-07-05,14.2,South Western,Private Limited,1.0,3,0,2016,386501,-370425.0,388156,,17731,1655.0,,,,-370425.0,17731.0,1.043,0.9543199126124547,16076.0,,,0,28990.0,0,2025-05-14,1,24995.0,2017,2017,0.0,1,,
09139481,Cohort C,2017-10-01,2017,24756.0,Clean Growth & Infrastructure,Micro,Micro,Yes,Feasibility Studies,1.0,13.0,1.0,London,False,,2014-07-21,3.2,London Inner,Private Limited,1.0,0,0,2016,1114,-176.0,1114,,938,,2000.0,-18692.0,,-176.0,938.0,6.33,0.1579892280071813,938.0,-9.346,-8.500119999999999,0,72190.0,1,2024-06-26,1,24756.0,2017,2017,1.0,1,,
06354529,Cohort C,2017-10-01,2017,24782.0,Clean Growth & Infrastructure,Small,Small,Yes,Feasibility Studies,0.0,1.0,1.0,South East,False,,2007-08-28,10.1,Southern,Private Limited,1.0,0,0,2016,1677533,-1900152.0,3710900,-5673438.0,-153195,2033367.0,,,581830.0,-7573590.0,-3862690.0,0.883,2.04090382387022,-222619.0,,,0,28990.0,1,2018-02-09,1,24782.0,2017,2017,0.0,0,,
05190331,Cohort C,2017-10-01,2017,24999.0,Clean Growth & Infrastructure,Micro,Micro,Yes,Feasibility Studies,1.0,3.0,1.0,South West,False,,2004-07-27,13.2,Southern,Private Limited,1.0,2,0,2016,14635,-3765.0,30282,-17118.0,26517,15647.0,,,,-20883.0,9399.0,3.887,0.6896175946106597,10870.0,,,0,62012.0,0,2025-10-26,1,24999.0,2017,2017,1.0,1,,
00331969,Cohort C,2017-10-01,2017,71810.0,Clean Growth & Infrastructure,Medium,Medium,No,Feasibility Studies,0.0,1.0,1.0,South East,False,,1937-09-27,80.0,Southern,Private Limited,1.0,1,0,2016,4465000,-2590000.0,8053000,-1324000.0,5463000,3588000.0,8001000.0,-140000.0,382000.0,-3914000.0,4139000.0,1.724,0.4860300509127033,1875000.0,-0.017,-0.017,0,30990.0,0,2025-12-24,1,71810.0,2017,2017,0.0,1,,
09178932,Cohort C,2017-10-01,2017,673081.0,Clean Growth & Infrastructure,Micro,Micro,Yes,Collaborative R&D,0.0,1.0,1.0,London,False,,2014-08-18,3.1,London Outer,Private Limited,1.0,3,0,2016,135992,-883743.0,166708,,-747035,30716.0,,,,-883743.0,-717035.0,0.154,5.301143316457519,-747751.0,,,0,72190.0,0,2026-01-05,1,673081.0,2017,2017,0.0,1,,
08297108,Cohort C,2017-10-01,2017,426676.0,Clean Growth & Infrastructure,Micro,Micro,Yes,Collaborative R&D,0.0,1.0,1.0,South East,False,,2012-11-16,4.9,Eastern,Private Limited,1.0,0,0,2016,688,-690.0,688,,-2,,,,,-690.0,-2.0,0.997,1.002906976744186,-2.0,,,0,35110.0,1,2023-04-28,1,426676.0,2017,2017,0.0,1,,
06936809,Cohort C,2017-10-01,2017,491592.0,Clean Growth & Infrastructure,Micro,Micro,Yes,Collaborative R&D,0.0,1.0,1.0,North East,False,,2009-06-17,8.3,Northern,Private Limited,1.0,5,0,2016,355176,-445567.0,366681,,-80522,11505.0,,,,-445567.0,-78886.0,0.797,1.215135226532054,-90391.0,,,0,70229.0,0,2025-09-26,1,491592.0,2017,2017,0.0,1,,
04966845,Cohort C,2017-10-01,2017,63154.0,Clean Growth & Infrastructure,Small,Small,Yes,Feasibility Studies,0.0,1.0,1.0,South East,False,,2003-11-17,13.9,South Eastern,Private Limited,1.0,5,0,2016,3638662,-2021352.0,3813181,-33935.0,1791829,174519.0,,,,-2055287.0,1757894.0,1.8,0.5389953951831817,1617310.0,,,0,28210.0,0,2025-12-18,1,63154.0,2017,2017,0.0,1,,
01966650,Cohort C,2017-10-01,2017,26295.0,Clean Growth & Infrastructure,Small,Small,No,Feasibility Studies,1.0,3.0,1.0,London,False,,1985-11-28,31.8,London Inner,Private Limited,1.0,3,0,2016,1220655,-309062.0,1309489,,1000427,88834.0,,,,-309062.0,1000427.0,3.95,0.2360172555859576,911593.0,,,0,71129.0,0,2025-12-23,1,26295.0,2017,2017,1.0,1,,
08815394,Cohort C,2017-10-01,2017,50346.0,Clean Growth & Infrastructure,Micro,Micro,Yes,Feasibility Studies,1.0,5.0,1.0,South West,False,,2013-12-16,3.8,Southern,Private Limited,1.0,3,0,2016,48766,-49350.0,48766,,-584,,,,,-49350.0,-584.0,0.988,1.011975556740352,-584.0,,,0,74909.0,0,2025-12-23,1,50346.0,2017,2017,1.0,1,,
04400298,Cohort C,2017-10-01,2017,18313.0,Clean Growth & Infrastructure,Medium,Medium,No,Feasibility Studies,1.0,8.0,1.0,London,False,,2002-03-21,15.5,London Inner,Private Limited,1.0,4,0,2016,7244791,-5248751.0,10055394,-133542.0,4806643,2810603.0,16323792.0,-98728.0,-2067661.0,-5382293.0,4673101.0,1.38,0.5352642571738114,1996040.0,-0.006,-0.01,0,71129.0,0,2025-09-22,1,18313.0,2017,2017,1.0,1,,
01016230,Cohort C,2017-10-01,2017,49511.0,Clean Growth & Infrastructure,Medium,Medium,No,Collaborative R&D,0.0,1.0,1.0,North West,False,,1971-06-30,46.3,North West,Private Limited,1.0,5,0,2016,2287498,-3758111.0,4787454,-793372.0,1029343,2499956.0,8015740.0,1122984.0,219675.0,-4551483.0,235971.0,0.609,0.9507105446861734,-1470613.0,0.14,0.235,0,43220.0,0,2025-12-17,1,49511.0,2017,2017,0.0,1,,
03912361,Cohort C,2017-10-01,2017,27601.0,Clean Growth & Infrastructure,Micro,Micro,Yes,Feasibility Studies,1.0,2.0,1.0,Wales,False,,2000-01-24,17.7,Wales,Private Limited,1.0,4,0,2016,41455,-29637.0,54000,,24363,12545.0,,,,-29637.0,24363.0,1.399,0.5488333333333333,11818.0,,,0,62011.0,0,2025-10-18,1,27601.0,2017,2017,1.0,1,,
09604343,Cohort C,2017-10-01,2017,22016.0,Clean Growth & Infrastructure,Micro,Micro,No,Feasibility Studies,0.0,1.0,1.0,West Midlands,False,,2015-05-22,2.4,Eastern,Private Limited,1.0,2,0,2016,200,-490.0,200,,-290,,,,,-490.0,-290.0,0.408,2.45,-290.0,,,0,74909.0,0,2026-03-03,1,22016.0,2017,2017,0.0,1,,
08617112,Cohort C,2017-10-01,2017,49000.0,Clean Growth & Infrastructure,Micro,Micro,Yes,Feasibility Studies,1.0,2.0,1.0,East Midlands,False,,2013-07-19,4.2,Yorks & Humberside,Private Limited,1.0,3,0,2016,164598,-46334.0,166933,,120599,2335.0,,,,-46334.0,120599.0,3.552,0.2775604583874968,118264.0,,,0,71122.0,0,2026-03-23,1,49000.0,2017,2017,1.0,1,,
05169556,Cohort C,2017-10-01,2017,127931.0,Clean Growth & Infrastructure,Small,Small,Yes,Feasibility Studies,0.0,1.0,1.0,East of England,False,,2004-02-07,13.6,Eastern,Private Limited,1.0,2,0,2016,3105075,-1471198.0,3469110,-13525.0,1997912,364035.0,,,,-1484723.0,1984387.0,2.111,0.4279838344705126,1633877.0,,,0,72190.0,0,2025-12-10,1,127931.0,2017,2017,0.0,1,,
04091038,Cohort C,2017-10-01,2017,17718.0,Clean Growth & Infrastructure,Medium,Medium,No,Collaborative R&D,0.0,1.0,1.0,North East,False,,2000-11-10,16.9,Northern,Private Limited,1.0,5,0,2016,3756608,-1796673.0,3920977,,2124304,164369.0,9869371.0,275526.0,-127425.0,-1796673.0,2124304.0,2.091,0.4582207444726148,1959935.0,0.028,0.07,0,25990.0,0,2025-12-27,1,17718.0,2017,2017,0.0,1,,
09645094,Cohort C,2017-10-01,2017,68541.0,Clean Growth & Infrastructure,Micro,Micro,Yes,Feasibility Studies,0.0,1.0,1.0,North West,False,,2015-06-18,2.3,North West,Private Limited,1.0,0,0,2016,1,,1,,1,,,,,,,,,,,,0,62090.0,1,2023-08-07,1,68541.0,2017,2017,0.0,1,,
07851934,Cohort C,2017-10-01,2017,84000.0,Clean Growth & Infrastructure,Small,Small,No,Feasibility Studies,0.0,1.0,1.0,London,False,,2011-11-17,5.9,London Inner,Private Limited,1.0,0,0,2016,232382,-7393.0,232382,-1950.0,224989,,,,,-9343.0,223039.0,31.433,0.04020535153325128,224989.0,,,0,82990.0,1,2021-07-02,1,84000.0,2017,2017,0.0,1,,
04167419,Cohort C,2017-10-01,2017,332257.0,Clean Growth & Infrastructure,Medium,Medium,Yes,Collaborative R&D,0.0,1.0,1.0,South West,False,,2001-02-23,16.6,Yorks & Humberside,Private Limited,,3,0,2016,3074479,-5052457.0,10818830,-6082454.0,5317430,7744351.0,7525194.0,-1053292.0,-271590.0,-11134911.0,-316081.0,0.609,1.029215820934426,-1977978.0,-0.14,-0.097,0,62020.0,0,2025-09-19,1,332257.0,2017,2017,0.0,1,,
07154455,Cohort C,2017-10-01,2017,167626.0,Clean Growth & Infrastructure,Micro/small,Micro/Small,No,Collaborative R&D,1.0,20.0,1.0,London,False,,2010-11-02,6.9,West Midlands,Private Limited,1.0,1,0,2016,44631,-39291.0,46869,-447.0,7578,2238.0,,,,-39738.0,7131.0,1.136,0.8478525251232157,5340.0,,,0,62090.0,0,2025-12-31,1,167626.0,2017,2017,1.0,1,,
04998277,Cohort C,2017-11-01,2017,24999.0,Clean Growth & Infrastructure,Medium,Medium,Yes,Feasibility Studies,1.0,4.0,1.0,South East,False,,2003-12-17,13.9,Southern,Private Limited,1.0,5,0,2016,4041628,-3039406.0,7077213,-2742326.0,1374838,3035585.0,2399266.0,-3895817.0,-680253.0,-5781732.0,1295481.0,1.33,0.8169504012384536,1002222.0,-1.624,-0.55,0,27110.0,0,2025-07-25,1,24999.0,2017,2017,1.0,1,,
SC458511,Cohort C,2017-11-01,2017,24887.0,Clean Growth & Infrastructure,Micro,Micro,Yes,Feasibility Studies,1.0,6.0,1.0,Scotland,False,,2013-06-09,4.4,Scotland,Private Limited,1.0,0,0,2016,8507,-3312.0,8507,-8000.0,5195,,,,,-11312.0,-2805.0,2.569,1.329728458916187,5195.0,,,0,62012.0,1,2023-07-13,1,24887.0,2017,2017,1.0,1,,
SC379385,Cohort C,2017-11-01,2017,729918.0,Clean Growth & Infrastructure,Small,Small,Yes,Collaborative R&D,0.0,1.0,1.0,Scotland,False,,2010-05-28,7.4,Scotland,Private Limited,1.0,1,0,2016,187412,-195663.0,239836,-1078134.0,-7827,52424.0,,,,-1273797.0,-1033961.0,0.958,5.311116763121467,-8251.0,,,0,35110.0,1,2019-12-24,1,729918.0,2017,2017,0.0,1,,
01983393,Cohort C,2017-11-01,2017,55300.0,Clean Growth & Infrastructure,Medium,Medium,Yes,Feasibility Studies,0.0,1.0,1.0,West Midlands,False,,1986-01-29,31.8,South Western,Private Limited,1.0,1,0,2016,6950000,-3079000.0,9401000,-4105000.0,6322000,2451000.0,11876000.0,108000.0,-89000.0,-7184000.0,2217000.0,2.257,0.7641740240399958,3871000.0,0.009,0.011,0,22290.0,0,2025-10-16,1,55300.0,2017,2017,0.0,1,,
05608752,Cohort C,2017-11-01,2017,190780.0,Clean Growth & Infrastructure,Small,Small,No,Collaborative R&D,1.0,2.0,1.0,London,False,,2005-01-11,12.8,Southern,Private Limited,1.0,3,0,2016,894008,-418568.0,900450,-553960.0,481882,6442.0,,,,-972528.0,-72078.0,2.136,1.080046643344994,475440.0,,,0,61200.0,0,2025-12-06,1,190780.0,2017,2017,1.0,1,,
03959037,Cohort C,2017-11-01,2017,597397.0,Clean Growth & Infrastructure,Small,Small,Yes,Collaborative R&D,1.0,3.0,1.0,West Midlands,False,,2000-03-29,17.6,West Midlands,Private Limited,1.0,2,0,2016,1114370,-474335.0,2497078,-930591.0,2011563,1382708.0,,,63901.0,-1404926.0,1092152.0,2.349,0.5626279996059395,640035.0,,,0,62090.0,0,2025-05-21,1,597397.0,2017,2017,1.0,1,,
07248779,Cohort C,2017-11-01,2017,248525.0,Clean Growth & Infrastructure,Small,Small,Yes,Feasibility Studies,0.0,1.0,1.0,South East,False,,2010-11-05,7.0,North West,Private Limited,1.0,0,0,2016,432316,-314070.0,491362,-34585.0,177292,59046.0,,,75513.0,-348655.0,142707.0,1.376,0.7095685055010359,118246.0,,,0,74909.0,1,2022-12-20,1,248525.0,2017,2017,0.0,1,,
06257418,Cohort C,2017-11-01,2017,69962.0,Clean Growth & Infrastructure,Small,Small,Yes,Feasibility Studies,0.0,1.0,1.0,Wales,False,,2007-05-23,10.4,Wales,Private Limited,1.0,5,0,2016,149799,-51783.0,172379,-6992.0,120596,22580.0,,,,-58775.0,113604.0,2.893,0.3409638064961509,98016.0,,,0,71200.0,0,2025-08-13,1,69962.0,2017,2017,0.0,1,,
07277798,Cohort C,2017-11-01,2017,316663.0,Clean Growth & Infrastructure,Micro,Micro,No,Feasibility Studies,0.0,1.0,1.0,Wales,False,,2010-08-06,7.2,Wales,Private Limited,1.0,2,0,2016,353576,-71736.0,1684417,-490000.0,1612681,1330841.0,,,,-561736.0,1122681.0,4.929,0.3334898662267123,281840.0,,,0,35140.0,0,2026-03-26,1,316663.0,2017,2017,0.0,1,,
07082726,Cohort C,2017-11-01,2017,247652.0,Clean Growth & Infrastructure,Micro,Micro,Yes,Collaborative R&D,1.0,5.0,1.0,North West,False,,2009-11-20,7.9,London Inner,Private Limited,1.0,5,0,2016,134242,-126862.0,134964,-104.0,8102,722.0,,,5850.0,-126966.0,7998.0,1.058,0.9407397528229751,7380.0,,,0,82990.0,0,2025-06-30,1,247652.0,2017,2017,1.0,1,,
07464854,Cohort C,2017-11-01,2017,55742.0,Clean Growth & Infrastructure,Medium,Medium,No,Collaborative R&D,0.0,1.0,1.0,London,False,,2010-09-12,7.1,London Outer,Private Limited,1.0,1,0,2016,2301588,-1897779.0,2614536,-53052.0,528267,312948.0,7895374.0,1615827.0,44660.0,-1950831.0,663705.0,1.213,0.7461480736926169,403809.0,0.205,0.618,0,58142.0,0,2025-12-11,1,55742.0,2017,2017,0.0,1,,
09682889,Cohort C,2017-12-01,2017,45442.0,Clean Growth & Infrastructure,Micro,Micro,Yes,Feasibility Studies,0.0,1.0,1.0,South West,False,,2015-07-13,2.4,South Western,Private Limited,1.0,0,0,2016,8635,-8701.0,9911,-240.0,1210,1276.0,,,,-8941.0,970.0,0.992,0.9021289476339421,-66.0,,,0,71122.0,1,2020-11-23,1,45442.0,2017,2017,0.0,1,,
06662635,Cohort C,2017-12-01,2017,73908.0,Clean Growth & Infrastructure,Small,Small,No,Collaborative R&D,0.0,1.0,1.0,East of England,False,,2008-04-08,9.6,Eastern,Private Limited,1.0,11,0,2016,619846,-337395.0,821639,-35015.0,484244,201793.0,,,,-372410.0,449229.0,1.837,0.4532525841640915,282451.0,,,0,62020.0,0,2026-05-22,1,73908.0,2017,2017,0.0,1,,
OC346016,Cohort C,2017-12-01,2017,29050.0,Clean Growth & Infrastructure,Micro,Micro,Yes,Collaborative R&D,0.0,1.0,1.0,London,False,,2009-05-29,8.5,London Inner,Limited Liability Partnership,1.0,0,0,2016,158326,-237901.0,238517,-616.0,616,80191.0,,,,-238517.0,0.0,0.666,1.0,-79575.0,,,0,,1,2023-12-21,1,29050.0,2017,2017,0.0,1,,
10003458,Cohort C,2018-01-01,2018,103237.0,Clean Growth & Infrastructure,Micro,Micro,Yes,Feasibility Studies,0.0,1.0,1.0,Yorkshire and The Humber,False,,2016-12-02,1.1,Yorks & Humberside,Private Limited,1.0,3,0,2017,337636,-33560.0,351567,,318007,13931.0,,,16377.0,-33560.0,318007.0,10.061,0.09545833368888433,304076.0,,,0,62090.0,0,2025-09-23,1,103237.0,2018,2018,0.0,1,,
10220472,Cohort C,2018-01-01,2018,104247.0,Clean Growth & Infrastructure,Micro,Micro,Yes,Feasibility Studies,1.0,10.0,1.0,South East,False,,2016-08-06,1.4,East Midlands,Private Limited,1.0,2,0,2017,8045,-6204.0,8045,-51110.0,1841,,,,,-57314.0,-49269.0,1.297,7.124176507147297,1841.0,,,0,72190.0,0,2025-11-18,1,104247.0,2018,2018,1.0,1,,
06912622,Cohort C,2018-01-01,2018,103938.0,Clean Growth & Infrastructure,Micro,Micro,Yes,Feasibility Studies,1.0,2.0,1.0,Yorkshire and The Humber,False,,2009-05-21,8.6,Yorks & Humberside,Private Limited,1.0,3,0,2017,175775,-782067.0,242597,,-539470,66822.0,,,37861.0,-782067.0,-539470.0,0.225,3.223729065075001,-606292.0,,,0,72190.0,0,2025-09-23,1,103938.0,2018,2018,1.0,1,,
08085751,Cohort C,2018-01-01,2018,104971.0,Clean Growth & Infrastructure,Micro,Micro,Yes,Feasibility Studies,0.0,1.0,1.0,South West,False,,2012-05-28,5.6,Southern,Private Limited,1.0,0,0,2017,663668,-21254.0,728879,,668622,65211.0,,,7713.0,-21254.0,707625.0,31.226,0.02915984683328783,642414.0,,,0,27110.0,1,2022-11-01,1,104971.0,2018,2018,0.0,1,,
04289208,Cohort A,2018-01-10,2018,0.0,,,,,,,,,,False,1.0,2001-09-18,16.3,,Private Limited,1.0,1,0,2017,12759,-12377.0,12843,-440.0,466,84.0,,,,-12817.0,25660.0,-1.03,-0.998,25136.0,,,0,18202.0,0,2025-06-24,41,2742366.7,2018,2022,,1,,
10157693,Cohort A,2018-01-10,2018,10250.0,,,,,,,,,,False,0.0,2016-04-30,1.7,,Private Limited,1.0,1,0,2017,4463,-4412.0,4463,,51,,,,,-4412.0,8875.0,-1.01,-0.989,8875.0,,,0,59111.0,0,2025-07-11,4,37250.0,2018,2022,,1,,
06506509,Cohort A,2018-01-17,2018,9303.0,,,,,,,,,,False,1.0,2008-02-18,9.9,,Private Limited,1.0,2,0,2017,231311,-86309.0,232417,,146108,1106.0,,,,-86309.0,318726.0,-2.68,-0.371,317620.0,,,0,90030.0,0,2026-04-27,5,57227.0,2018,2022,,1,,
06483453,Cohort A,2018-01-17,2018,0.0,,,,,,,,,,False,1.0,2008-01-24,10.0,,Private Limited,1.0,2,0,2017,33982,-36828.0,33982,-3865.0,-2846,,,,,-40693.0,74675.0,-0.92,-1.197,70810.0,,,0,59111.0,0,2026-03-24,92,5605443.9,2018,2022,,1,,
05844888,Cohort A,2018-01-24,2018,28500.0,,,,,,,,,,False,1.0,2006-06-13,11.6,,Private Limited,1.0,2,0,2017,51481,-24516.0,52748,,28232,1267.0,,,,-24516.0,77264.0,-2.1,-0.465,75997.0,,,0,59111.0,0,2025-10-09,1,28500.0,2018,2018,,1,,
03082003,Cohort A,2018-01-24,2018,1950.0,,,,,,,,,,False,1.0,1995-07-20,22.5,,Private Limited,1.0,2,0,2017,38503,-57919.0,40482,,-17437,1979.0,,,2251.0,-57919.0,98401.0,-0.66,-1.431,96422.0,,,0,59111.0,0,2025-11-26,2,33950.0,2018,2022,,1,,
05947430,Cohort A,2018-01-24,2018,28500.0,,,,,,,,,,False,1.0,2006-09-26,11.3,,Private Limited,1.0,1,0,2017,12038,-17665.0,13050,,-4615,1012.0,,,,-17665.0,30715.0,-0.68,-1.354,29703.0,,,0,59111.0,0,2026-01-27,3,71500.0,2018,2022,,1,,
09320278,Cohort A,2018-01-24,2018,23000.0,,,,,,,,,,False,1.0,2014-11-20,3.2,,Private Limited,1.0,1,0,2017,30,,30,,30,,,,,,,,,,,,0,59111.0,0,2025-08-27,2,30000.0,2018,2020,,1,,
05369193,Cohort A,2018-01-31,2018,60000.0,,,,,,,,,,False,1.0,2005-02-18,13.0,,Charitable organization,1.0,14,0,2017,599080,-219599.0,610501,,390902,11421.0,1228854.0,91673.0,38535.0,-219599.0,830100.0,-2.73,-0.36,818679.0,0.075,0.15,0,59120.0,0,2025-10-20,1,60000.0,2018,2018,,1,,
01608779,Cohort A,2018-01-31,2018,105000.0,,,,,,,,,,False,1.0,1982-01-19,36.0,,Charitable organization,1.0,10,0,2017,1533749,-959444.0,9004801,-37712.0,8045357,7471052.0,5208104.0,-52550.0,-167087.0,-997156.0,10001957.0,-1.6,-0.111,2493193.0,-0.01,-0.006,0,90040.0,0,2024-12-27,3,171940.0,2018,2022,,1,,
01197026,Cohort A,2018-01-31,2018,45000.0,,,,,,,,,,False,1.0,1975-01-20,43.0,,Charitable organization,1.0,13,0,2017,1368517,-1077659.0,2057717,-3554.0,980058,689200.0,4177436.0,474926.0,-29123.0,-1081213.0,3138930.0,-1.27,-0.525,2446176.0,0.114,0.231,0,85422.0,0,2026-05-21,4,56216.0,2018,2020,,1,,
01005570,Cohort A,2018-01-31,2018,45000.0,,,,,,,,,,False,1.0,1971-03-23,46.9,,Charitable organization,1.0,11,0,2017,309092,-577617.0,4464861,-604160.0,3887244,4155769.0,4294779.0,79814.0,-57124.0,-1181777.0,5646638.0,-0.54,-0.265,886709.0,0.019,0.018,0,90040.0,0,2025-12-02,2,216300.0,2018,2022,,1,,
02315936,Cohort A,2018-01-31,2018,440000.0,,,,,,,,,,False,1.0,1988-11-11,29.2,,Charitable organization,1.0,11,0,2017,1573048,-799379.0,7800623,-34724.0,7001244,6227575.0,2747002.0,-243405.0,,-834103.0,8634726.0,-1.97,-0.107,2372427.0,-0.089,-0.031,0,90040.0,0,2025-11-06,4,468525.2,2018,2022,,1,,
07031196,Cohort A,2018-01-31,2018,145000.0,,,,,,,,,,False,1.0,2009-09-26,8.3,,Guarantee,1.0,3,0,2017,19123,-5480.0,22528,,17048,3405.0,,,,-5480.0,28008.0,-3.49,-0.243,24603.0,,,0,59140.0,0,2025-09-22,5,246374.0,2018,2020,,1,,
06931399,Cohort B,2018-02-01,2018,4006.0,AI & Data Economy,Small,Small,No,Collaborative R&D,0.0,1.0,1.0,London,False,,2009-11-06,8.2,Eastern,Private Limited,1.0,2,0,2017,2655553,-184493.0,2901081,,2716588,245528.0,673940.0,-2228023.0,-91159.0,-184493.0,2716588.0,14.394,0.06359457043770926,2471060.0,-3.306,-0.768,1,80200.0,0,2026-03-06,1,4006.0,2018,2018,0.0,1,0.0,0.0
09269201,Cohort B,2018-02-01,2018,133237.0,AI & Data Economy,Micro/small,Micro/Small,No,Collaborative R&D,0.0,1.0,1.0,East of England,False,,2014-10-17,3.3,Eastern,Private Limited,1.0,0,0,2017,17025,-10154.0,19867,,9713,2842.0,,,,-10154.0,9713.0,1.677,0.5110988070669955,6871.0,,,0,62020.0,1,2021-05-26,1,133237.0,2018,2018,0.0,1,,
10260255,Cohort B,2018-02-01,2018,146601.0,AI & Data Economy,Micro/small,Micro/Small,Yes,Collaborative R&D,1.0,23.0,1.0,East of England,False,,2016-04-07,1.8,Eastern,Private Limited,1.0,6,0,2017,14300,-4694.0,20584,-650.0,15890,6284.0,,,,-5344.0,15240.0,3.046,0.2596191216478819,9606.0,,,0,62090.0,0,2025-09-02,1,146601.0,2018,2018,1.0,1,1.0,1.0
10404837,Cohort C,2018-02-01,2018,105000.0,Clean Growth & Infrastructure,Micro,Micro,Yes,Feasibility Studies,0.0,1.0,1.0,East of England,False,,2016-01-10,2.1,Southern,Private Limited,1.0,0,0,2017,34672,-54377.0,35565,,-18812,893.0,,,,-54377.0,-18812.0,0.638,1.528946998453536,-19705.0,,,0,74909.0,1,2021-07-21,1,105000.0,2018,2018,0.0,1,,
04088646,Cohort C,2018-02-01,2018,348045.0,Clean Growth & Infrastructure,Micro,Micro,Yes,Collaborative R&D,0.0,1.0,1.0,London,False,,2000-12-10,17.1,West Midlands,Private Limited,1.0,0,0,2017,174485,-175471.0,418159,-558800.0,-812,243674.0,,,,-734271.0,-316112.0,0.994,1.755961249189901,-986.0,,,0,62012.0,1,2023-09-05,1,348045.0,2018,2018,0.0,1,,
02829175,Cohort A,2018-02-07,2018,0.0,,,,,,,,,,False,0.0,1993-06-22,24.6,,Private Limited,1.0,1,0,2017,246508,-116165.0,246512,-3574.0,130347,4.0,,,,-119739.0,366251.0,-2.12,-0.486,362673.0,,,0,90030.0,0,2025-06-30,3,61140.0,2018,2022,,1,,
08362614,Cohort A,2018-02-07,2018,18500.0,,,,,,,,,,False,0.0,2013-01-16,5.1,,Private Limited,1.0,1,0,2017,68650,-64610.0,68650,,4040,,,,,-64610.0,133260.0,-1.06,-0.941,133260.0,,,0,59111.0,0,2025-10-31,1,18500.0,2018,2018,,1,,
01391200,Cohort A,2018-02-07,2018,4143382.0,,,,,,,,,,False,1.0,1978-09-27,39.4,,Charitable organization,1.0,5,0,2017,216366,-6062.0,217007,,210945,641.0,,,,-6062.0,223069.0,-35.69,-0.028,222428.0,,,0,85520.0,0,2025-12-22,2,4304005.0,2018,2018,,1,,
07305482,Cohort A,2018-02-14,2018,0.0,,,,,,,,,,False,1.0,2010-07-06,7.6,,Private Limited,1.0,0,0,2017,1593,-4400.0,2904,,-1496,1311.0,,,,-4400.0,7304.0,-0.36,-1.515,5993.0,,,0,59111.0,1,2024-01-26,1,0.0,2018,2018,,1,,
03615293,Cohort A,2018-02-14,2018,13500.0,,,,,,,,,,False,1.0,1998-08-13,19.5,,Private Limited,1.0,2,0,2017,282160,-228547.0,282798,,54251,638.0,,,-2585.0,-228547.0,511345.0,-1.23,-0.808,510707.0,,,0,59111.0,0,2026-01-19,1,13500.0,2018,2018,,1,,
08369714,Cohort A,2018-02-21,2018,0.0,,,,,,,,,,False,0.0,2013-01-22,5.1,,Private Limited,1.0,2,0,2017,136960,-49762.0,137432,,87670,472.0,,,,-49762.0,187194.0,-2.75,-0.362,186722.0,,,0,59112.0,0,2025-10-07,4,18197.0,2018,2020,,1,,
03012433,Cohort A,2018-02-28,2018,8486.0,,,,,,,,,,False,1.0,1995-01-20,23.1,,Charitable organization,1.0,8,0,2017,59194,-6196.0,64165,,57969,4971.0,198229.0,14979.0,-1061.0,-6196.0,70361.0,-9.55,-0.097,65390.0,0.076,0.233,0,85520.0,0,2025-10-11,7,128086.0,2018,2022,,1,,
04859730,Cohort A,2018-02-28,2018,0.0,,,,,,,,,,False,1.0,2003-08-07,14.6,,Private Limited,1.0,2,0,2017,898364,-999374.0,959087,,-40287,60723.0,,,-99063.0,-999374.0,1958461.0,-0.9,-1.042,1897738.0,,,0,59111.0,0,2025-12-23,7,59415.0,2018,2022,,1,,
06640028,Cohort A,2018-02-28,2018,4500.0,,,,,,,,,,False,1.0,2008-07-08,9.6,,Private Limited,1.0,2,0,2017,32752,-30985.0,32868,,1883,116.0,,,,-30985.0,63853.0,-1.06,-0.943,63737.0,,,0,59111.0,0,2026-02-26,8,229958.0,2018,2022,,1,,
09109848,Cohort B,2018-03-01,2018,137214.0,AI & Data Economy,Micro/small,Micro/Small,Yes,Collaborative R&D,1.0,9.0,1.0,East of England,False,,2014-01-07,4.1,London Inner,Private Limited,1.0,3,0,2017,5023,,1659647,,1603647,1654624.0,,,,,,,,,,,1,62090.0,0,2025-07-16,1,137214.0,2018,2018,1.0,1,0.0,1.0
06130240,Cohort C,2018-03-01,2018,55981.0,Clean Growth & Infrastructure,Micro,Micro,No,Collaborative R&D,1.0,7.0,1.0,East of England,False,,2007-02-27,11.0,Eastern,Private Limited,1.0,2,0,2017,149795,-54786.0,150827,,96041,1032.0,,,1863.0,-54786.0,96041.0,2.734,0.3632373514026003,95009.0,,,0,72190.0,0,2026-03-31,1,55981.0,2018,2018,1.0,1,,
08778025,Cohort C,2018-03-01,2018,126325.0,Clean Growth & Infrastructure,Micro,Micro,No,Feasibility Studies,1.0,2.0,1.0,East Midlands,False,,2013-11-15,4.3,East Midlands,Private Limited,1.0,1,0,2017,422621,-37448.0,435430,,397982,12809.0,,,27745.0,-37448.0,397982.0,11.286,0.08600234251199963,385173.0,,,0,71121.0,0,2025-08-29,1,126325.0,2018,2018,1.0,1,,
02774899,Cohort C,2018-03-01,2018,304642.0,Clean Growth & Infrastructure,Medium,Medium,Yes,Feasibility Studies,1.0,10.0,1.0,North East,False,,1992-12-18,25.2,Northern,Private Limited,1.0,3,0,2017,5621000,-3491000.0,7104000,-1310000.0,3300000,1483000.0,11410000.0,-819000.0,-180000.0,-4801000.0,2303000.0,1.61,0.6758164414414415,2130000.0,-0.072,-0.115,0,27110.0,0,2025-09-17,1,304642.0,2018,2018,1.0,1,,
03838585,Cohort C,2018-03-01,2018,33973.0,Clean Growth & Infrastructure,Micro/small,Micro/Small,No,Feasibility Studies,1.0,2.0,1.0,London,False,,1999-09-09,18.5,London Outer,Private Limited,1.0,5,0,2017,6084227,-1093225.0,8064673,,6701025,1980446.0,1253337.0,-6706641.0,-281369.0,-1093225.0,6971448.0,5.565,0.1355572631401174,4991002.0,-5.351,-0.832,0,74909.0,0,2025-06-21,1,33973.0,2018,2018,1.0,1,,
02862807,Cohort C,2018-03-01,2018,7172.0,Clean Growth & Infrastructure,Micro/small,Micro/Small,No,Feasibility Studies,0.0,1.0,1.0,London,False,,1993-12-10,24.2,London Inner,Guarantee,1.0,16,0,2017,4478863,-4476346.0,4478863,,2517,,3899919.0,9888.0,296471.0,-4476346.0,2517.0,1.001,0.9994380270171247,2517.0,0.003,0.002,0,72190.0,0,2025-12-19,1,7172.0,2018,2018,0.0,1,,
06606718,Cohort A,2018-03-07,2018,2421.0,,,,,,,,,,False,1.0,2008-05-30,9.8,,Charitable organization,1.0,10,0,2017,58126,-1320.0,64383,,63063,6257.0,237192.0,-12372.0,,-1320.0,65703.0,-44.03,-0.02567999999999983,59446.0,-0.052,-0.192,0,59111.0,0,2026-01-30,4,50196.0,2018,2022,,1,,
01113101,Cohort A,2018-03-14,2018,132000.0,,,,,,,,,,False,1.0,1973-05-10,44.8,,Charitable organization,1.0,7,0,2017,695626,-1109082.0,5941966,-638854.0,4808884,5246340.0,4088755.0,-444483.0,46806.0,-1747936.0,7689902.0,-0.63,-0.294,1804708.0,-0.109,-0.075,0,59140.0,0,2026-03-12,2,136581.01,2018,2020,,1,,
02989602,Cohort A,2018-03-14,2018,51000.0,,,,,,,,,,False,1.0,1994-11-14,23.3,,Private Limited,0.0,2,0,2017,292140000,-154276000.0,303730000,,139549000,11590000.0,266833000.0,41758000.0,26696000.0,-154276000.0,458006000.0,-1.89,-0.508,446416000.0,0.156,0.137,0,59111.0,1,2025-03-22,2,93000.0,2018,2021,,1,,
02137755,Cohort A,2018-03-14,2018,133405.0,,,,,,,,,,False,1.0,1987-06-04,30.8,,Charitable organization,1.0,11,0,2017,196916,-115683.0,206739,,91056,9823.0,521050.0,-5582.0,14876.0,-115683.0,322422.0,-1.7,-0.56,312599.0,-0.011,-0.027,0,90030.0,0,2025-11-21,1,133405.0,2018,2018,,1,,
07446325,Cohort A,2018-03-14,2018,0.0,,,,,,,,,,False,1.0,2010-11-22,7.3,,Private Limited,1.0,2,0,2017,100363,-65017.0,101879,-303.0,36862,1516.0,,,,-65320.0,167199.0,-1.54,-0.641,165380.0,,,0,59113.0,0,2025-09-30,3,67500.0,2018,2022,,1,,
05465412,Cohort A,2018-03-14,2018,50000.0,,,,,,,,,,False,1.0,2005-05-27,12.8,,Charitable organization,1.0,9,0,2017,682344,-731240.0,888175,,156935,205831.0,2515107.0,-220918.0,45637.0,-731240.0,1619415.0,-0.93,-0.823,1413584.0,-0.088,-0.249,0,59140.0,0,2025-12-20,2,67000.0,2018,2022,,1,,
SC295853,Cohort A,2018-03-21,2018,200000.0,,,,,,,,,,False,1.0,2006-01-20,12.2,,Private Limited,1.0,0,0,2017,1,,1,,1,,,,,,,,,,,,0,94910.0,1,2020-01-24,1,200000.0,2018,2018,,1,,
05877128,Cohort A,2018-03-21,2018,114450.0,,,,,,,,,,False,1.0,2006-07-14,11.7,,Guarantee,1.0,8,0,2017,2459295,-1482759.0,2463420,,980661,4125.0,2069157.0,461185.0,,-1482759.0,3946179.0,-1.66,-0.602,3942054.0,0.223,0.187,0,59111.0,0,2025-11-12,1,114450.0,2018,2018,,1,,
SC487808,Cohort A,2018-03-21,2018,0.0,,,,,,,,,,False,1.0,2014-09-30,3.5,,Private Limited,1.0,1,0,2017,1807,-48997.0,1831,,-47166,24.0,,,,-48997.0,50828.0,-0.04,-26.76,50804.0,,,0,59111.0,0,2026-02-23,1,0.0,2018,2018,,1,,
05007551,Cohort A,2018-03-21,2018,34500.0,,,,,,,,,,False,1.0,2004-01-06,14.2,,Private Limited,1.0,1,0,2017,302460,-302474.0,304905,,2431,2445.0,1073314.0,678170.0,,-302474.0,607379.0,-1.0,-0.992,604934.0,0.5988499999999988,1.490359999999996,0,59111.0,0,2026-04-20,4,74131.0,2018,2022,,1,,
07273625,Cohort A,2018-03-21,2018,1750.0,,,,,,,,,,False,1.0,2010-06-04,7.8,,Private Limited,1.0,1,0,2017,3451144,-4429911.0,3452698,,-977213,1554.0,,,10954.0,-4429911.0,7882609.0,-0.78,-1.283,7881055.0,,,0,59111.0,0,2026-03-30,1,1750.0,2018,2018,,1,,
07589434,Cohort A,2018-03-27,2018,0.0,,,,,,,,,,False,0.0,2011-04-04,7.0,,Private Limited,1.0,1,0,2017,4514,-43537.0,6045,,-37492,1531.0,,,,-43537.0,49582.0,-0.1,-7.202,48051.0,,,0,59111.0,0,2026-02-25,2,2500.0,2018,2018,,1,,
07933121,Cohort A,2018-03-27,2018,45218.0,,,,,,,,,,False,0.0,2012-02-02,6.1,,Private Limited,1.0,2,0,2017,514788,-125431.0,536349,-4312.0,410918,21561.0,,,14612.0,-129743.0,666092.0,-4.1,-0.242,640219.0,,,0,59113.0,0,2025-09-26,2,60218.0,2018,2022,,1,,
07432947,Cohort A,2018-03-27,2018,813400.0,,,,,,,,,,False,1.0,2010-11-08,7.4,,Guarantee,1.0,2,0,2017,21205870,-10818590.0,21243352,-9667227.0,10424762,37482.0,8208619.0,45593.0,45752.0,-20485817.0,41729169.0,-1.96,-0.964,32024460.0,0.006,0.002,0,90020.0,0,2026-03-28,2,818300.0,2018,2021,,1,,
03468937,Cohort A,2018-03-27,2018,3000.0,,,,,,,,,,False,1.0,1997-11-20,20.3,,Private Limited,1.0,2,0,2017,193865,-110416.0,201576,-1363.0,91160,7711.0,,,2495.0,-111779.0,313355.0,-1.76,-0.555,304281.0,,,0,59111.0,0,2026-02-12,5,99000.0,2018,2021,,1,,
NI608301,Cohort A,2018-03-27,2018,35000.0,,,,,,,,,,False,0.0,2011-07-21,6.7,,Private Limited,1.0,2,0,2017,52455,-16036.0,53145,-36711.0,37109,690.0,,,,-52747.0,105892.0,-3.27,-0.993,68491.0,,,0,59111.0,1,2025-05-16,3,171000.0,2018,2022,,1,,
08610848,Cohort B,2018-04-01,2018,11656.0,AI & Data Economy,Micro/small,Micro/Small,No,Collaborative R&D,0.0,1.0,1.0,London,False,,2013-07-16,4.7,London Inner,Private Limited,1.0,2,0,2017,53865,-22212.0,56792,,34580,2927.0,,,,-22212.0,34580.0,2.425,0.3911114241442457,31653.0,,,0,71129.0,0,2025-12-31,1,11656.0,2018,2018,0.0,1,,
OC342692,Cohort C,2018-04-01,2018,184846.0,Clean Growth & Infrastructure,Medium,Medium,No,Collaborative R&D,0.0,1.0,1.0,South East,False,,2009-01-19,9.2,Southern,Limited Liability Partnership,1.0,0,0,2017,17260047,-5748041.0,17924563,-3586636.0,12176522,664516.0,34812396.0,5056673.0,136299.0,-9334677.0,8589886.0,3.003,0.5207757087299701,11512006.0,0.145,0.282,0,,1,2024-12-02,1,184846.0,2018,2018,0.0,1,,
05840846,Cohort C,2018-04-01,2018,429328.0,Clean Growth & Infrastructure,Micro/small,Micro/Small,Yes,Collaborative R&D,1.0,2.0,1.0,London,False,,2006-08-06,11.7,London Inner,Private Limited,1.0,0,0,2017,2703543,-1407398.0,2744052,-7678.0,1336654,40509.0,,,81676.0,-1415076.0,1328976.0,1.921,0.5156884782066812,1296145.0,,,0,70229.0,1,2021-04-15,1,429328.0,2018,2018,1.0,1,,
07525806,Cohort C,2018-04-01,2018,189704.2,Clean Growth & Infrastructure,Micro/small,Micro/Small,No,Collaborative R&D,1.0,3.0,1.0,Yorkshire and The Humber,False,,2011-10-02,6.5,East Midlands,Private Limited,1.0,0,0,2017,95236,-70362.0,152258,-106601.0,81896,57022.0,,,13916.0,-176963.0,-24705.0,1.354,1.162257484007408,24874.0,,,0,74100.0,0,2026-01-30,1,189704.2,2018,2018,1.0,1,,
08584086,Cohort C,2018-04-01,2018,756595.0,Clean Growth & Infrastructure,Micro/small,Micro/Small,Yes,Feasibility Studies,1.0,5.0,1.0,London,False,,2013-06-25,4.8,London Inner,Private Limited,1.0,2,0,2017,1319525,-824094.0,2369644,,505493,1050119.0,,,77303.0,-824094.0,1545550.0,1.601,0.3477712263951885,495431.0,,,0,63990.0,0,2025-07-14,1,756595.0,2018,2018,1.0,1,,
09337217,Cohort C,2018-04-01,2018,45850.0,Clean Growth & Infrastructure,Micro,Micro,No,Feasibility Studies,1.0,6.0,1.0,London,False,,2014-02-12,4.1,London Inner,Private Limited,1.0,2,0,2017,61525,-44776.0,61525,,16749,,,,,-44776.0,16749.0,1.374,0.7277691995123934,16749.0,,,0,27120.0,0,2025-09-30,1,45850.0,2018,2018,1.0,1,,
NI619528,Cohort C,2018-04-01,2018,17500.0,Clean Growth & Infrastructure,Micro,Micro,No,Feasibility Studies,1.0,2.0,1.0,Northern Ireland,False,,2013-07-26,4.7,Northern Ireland,Private Limited,1.0,2,0,2017,96085,-1135.0,96113,-262833.0,94978,28.0,,,,-263968.0,-167855.0,84.656,2.746433885114397,94950.0,,,0,27520.0,0,2025-10-20,1,17500.0,2018,2018,1.0,1,,
10614759,Cohort C,2018-04-01,2018,69927.0,Clean Growth & Infrastructure,Micro/small,Micro/Small,Yes,Feasibility Studies,1.0,2.0,1.0,London,False,,2017-02-13,1.1,London Outer,Private Limited,1.0,0,0,2017,21701,-7373.0,70641,,63268,48940.0,,,,-7373.0,63268.0,2.943,0.1043728146543792,14328.0,,,0,49319.0,1,2021-03-01,1,69927.0,2018,2018,1.0,1,,
NI069438,Cohort A,2018-04-12,2018,42000.0,,,,,,,,,,False,0.0,2008-06-03,9.9,,Private Limited,1.0,1,0,2017,11878,-97345.0,30187,,-67158,18309.0,,,,-97345.0,127532.0,-0.12,-3.225,109223.0,,,0,59111.0,0,2025-06-24,1,42000.0,2018,2018,,1,,
09040173,Cohort A,2018-04-16,2018,15000.0,,,,,,,,,,False,0.0,2014-05-14,3.9,,Guarantee,1.0,4,0,2017,6022,-893.0,6022,,5129,,7492.0,-7095.0,850.0,-893.0,6915.0,-6.74,-0.148,6915.0,-0.947,-1.178,0,88990.0,0,2026-02-27,3,33368.0,2018,2019,,1,,
07690869,Cohort A,2018-04-18,2018,50000.0,,,,,,,,,,False,1.0,2011-07-04,6.8,,Guarantee,1.0,2,0,2017,38890,-1238.0,38890,-1440.0,37652,,,,,-2678.0,41568.0,-31.41,-0.069,40128.0,,,0,59140.0,0,2025-12-31,4,146950.0,2018,2019,,1,,
03219540,Cohort A,2018-04-18,2018,14960.0,,,,,,,,,,False,0.0,1996-07-02,21.8,,Private Limited,1.0,2,0,2017,3933358,-1153882.0,4388892,-9002.0,3234088,455534.0,,,498910.0,-1162884.0,5551776.0,-3.41,-0.265,5087240.0,,,0,47910.0,0,2025-07-11,5,62329.0,2018,2021,,1,,
08191807,Cohort A,2018-04-19,2018,14832.0,,,,,,,,,,False,0.0,2012-08-28,5.6,,Private Limited,1.0,2,0,2017,123709,-243923.0,281886,,37963,158177.0,,,,-243923.0,525809.0,-0.51,-0.865,367632.0,,,0,69201.0,0,2026-05-30,2,19832.0,2018,2019,,1,,
01541046,Cohort A,2018-04-19,2018,27420.0,,,,,,,,,,False,0.0,1981-01-23,37.2,,Charitable organization,1.0,9,0,2017,3335000,-3362000.0,38100000,-8582000.0,34738000,34765000.0,13203000.0,-15000.0,434000.0,-11944000.0,50044000.0,-0.99,-0.313,6697000.0,-0.001,0.0,0,91030.0,0,2025-11-19,3,50677.0,2018,2022,,1,,
09081545,Cohort C,2018-05-01,2018,121892.0,Clean Growth & Infrastructure,Micro/small,Micro/Small,No,Feasibility Studies,1.0,2.0,1.0,Yorkshire and The Humber,False,,2014-11-06,3.5,Yorks & Humberside,Private Limited,1.0,0,0,2017,148013,-104899.0,148013,,43114,,,,32587.0,-104899.0,43114.0,1.411,0.7087147750535426,43114.0,,,0,70229.0,1,2022-03-24,1,121892.0,2018,2018,1.0,1,,
05750083,Cohort C,2018-05-01,2018,212023.0,Clean Growth & Infrastructure,Medium,Medium,Yes,Feasibility Studies,1.0,5.0,1.0,London,False,,2006-03-21,12.1,South Eastern,Private Limited,1.0,7,0,2017,2305874,-1351817.0,2482835,-34781.0,1131018,176961.0,,,,-1386598.0,1096237.0,1.706,0.5584736802888634,954057.0,,,0,71111.0,0,2026-03-30,1,212023.0,2018,2018,1.0,1,,
04944069,Cohort C,2018-05-01,2018,87696.0,Clean Growth & Infrastructure,Small,Small,Yes,EU-Funded,0.0,1.0,1.0,London,False,,2003-10-27,14.5,London Inner,Private Limited,1.0,2,0,2017,2307571,-965944.0,2461938,-25396.0,1449914,154367.0,,,82543.0,-991340.0,1470598.0,2.389,0.4026665171909284,1341627.0,,,0,71111.0,0,2025-10-31,1,87696.0,2018,2018,0.0,1,,
08148527,Cohort A,2018-05-02,2018,13485.0,,,,,,,,,,False,0.0,2012-07-18,5.8,,Charitable organization,1.0,8,0,2017,102304,-3320.0,106927,,103607,4623.0,200256.0,60524.0,20.0,-3320.0,110247.0,-30.81,-0.031,105624.0,0.302,0.566,0,90030.0,0,2025-11-07,2,29485.0,2018,2019,,1,,
08365470,Cohort A,2018-05-02,2018,5675.0,,,,,,,,,,False,1.0,2013-01-17,5.3,,Private Limited,1.0,0,0,2017,9451,-1720.0,9451,-11097.0,7731,,,,,-12817.0,22268.0,-5.49,-1.356,11171.0,,,0,90020.0,0,2025-02-06,2,34525.0,2018,2021,,1,,
08932930,Cohort A,2018-05-02,2018,0.0,,,,,,,,,,False,0.0,2014-03-11,4.1,,Private Limited,1.0,2,0,2017,161,,211,,211,50.0,,,,,,,,,,,0,59111.0,0,2025-12-30,2,12500.0,2018,2022,,1,0.0,0.0
06425904,Cohort A,2018-05-02,2018,15000.0,,,,,,,,,,False,1.0,2007-11-13,10.5,,Private Limited,1.0,7,0,2017,2986903,-1368491.0,2999057,,1630566,12154.0,2471467.0,638826.0,34399.0,-1368491.0,4367548.0,-2.18,-0.456,4355394.0,0.258,0.213,0,82990.0,0,2026-02-02,2,35000.0,2018,2020,,1,,
07681843,Cohort A,2018-05-02,2018,7500.0,,,,,,,,,,False,1.0,2011-06-24,6.9,,Private Limited,1.0,1,0,2017,6115,-9066.0,7066,,-2000,951.0,,,6210.0,-9066.0,16132.0,-0.67,-1.283,15181.0,,,0,59111.0,0,2026-02-26,2,207500.0,2018,2021,,1,,
07799526,Cohort A,2018-05-02,2018,2500.0,,,,,,,,,,False,1.0,2011-10-06,6.6,,Private Limited,1.0,1,0,2017,33875,-27272.0,38455,,11183,4580.0,,,,-27272.0,65727.0,-1.24,-0.709,61147.0,,,0,59111.0,0,2025-05-13,1,2500.0,2018,2018,,1,,
08616578,Cohort A,2018-05-02,2018,16000.0,,,,,,,,,,False,1.0,2013-07-19,4.8,,Private Limited,1.0,1,0,2017,36357,-39236.0,36357,,-2879,,,,,-39236.0,75593.0,-0.93,-1.079,75593.0,,,0,59111.0,0,2025-08-22,1,16000.0,2018,2018,,1,,
09580745,Cohort A,2018-05-02,2018,5000.0,,,,,,,,,,False,1.0,2015-05-08,3.0,,Private Limited,1.0,1,0,2017,134608,-124680.0,134608,,9928,,,,,-124680.0,259288.0,-1.08,-0.926,259288.0,,,0,59111.0,0,2026-01-23,2,5000.0,2018,2019,,1,,
10061465,Cohort A,2018-05-02,2018,3000.0,,,,,,,,,,False,1.0,2016-03-14,2.1,,Private Limited,1.0,3,0,2017,13729,-12314.0,15210,,2896,1481.0,43954.0,-2604.0,,-12314.0,27524.0,-1.11,-0.81,26043.0,-0.059,-0.171,0,59111.0,0,2025-03-27,2,9185.0,2018,2022,,1,,
04032878,Cohort A,2018-05-02,2018,5500.0,,,,,,,,,,False,1.0,2000-07-13,17.8,,Private Limited,1.0,2,0,2017,154676,-110048.0,156899,-43307.0,46851,2223.0,,,-530.0,-153355.0,310254.0,-1.41,-0.977,264724.0,,,0,59111.0,0,2025-09-17,5,139220.0,2018,2022,,1,,
08406857,Cohort A,2018-05-02,2018,6237.74,,,,,,,,,,False,1.0,2013-02-18,5.2,,Private Limited,1.0,1,0,2017,297505,-359140.0,298511,,-60629,1006.0,,,26928.0,-359140.0,657651.0,-0.83,-1.203,656645.0,,,0,59111.0,1,2025-10-29,3,12062.74,2018,2021,,1,,
03727114,Cohort A,2018-05-02,2018,0.0,,,,,,,,,,False,0.0,1999-03-05,19.2,,Private Limited,1.0,1,0,2017,166869,-156514.0,166869,,10355,,,,17980.0,-156514.0,323383.0,-1.07,-0.938,323383.0,,,0,59111.0,0,2025-12-12,2,19500.0,2018,2020,,1,,
04547298,Cohort A,2018-05-02,2018,7294.41,,,,,,,,,,False,1.0,2002-09-27,15.6,,Private Limited,1.0,0,0,2017,16395,-54489.0,20787,-141671.0,-33702,4392.0,,,18570.0,-196160.0,216947.0,-0.3,-9.437,70884.0,,,0,59111.0,1,2021-12-15,3,59294.41,2018,2022,,1,,
03985105,Cohort A,2018-05-02,2018,10500.0,,,,,,,,,,False,1.0,2000-04-27,18.0,,Private Limited,1.0,2,0,2017,416355,-324947.0,424706,,99759,8351.0,811450.0,24594.0,5188.0,-324947.0,749653.0,-1.28,-0.765,741302.0,0.03,0.058,0,59111.0,0,2026-03-18,4,59910.0,2018,2020,,1,,
08213193,Cohort A,2018-05-02,2018,2500.0,,,,,,,,,,False,1.0,2012-09-13,5.6,,Private Limited,1.0,1,0,2017,305992,-239867.0,305992,-32390.0,66125,,,,,-272257.0,578249.0,-1.28,-0.89,545859.0,,,0,90030.0,1,2025-01-30,2,21500.0,2018,2021,,1,,
07834532,Cohort A,2018-05-02,2018,0.0,,,,,,,,,,False,0.0,2011-11-03,6.5,,Private Limited,1.0,1,0,2017,8473,-9257.0,10073,,816,1600.0,,,,-9257.0,19330.0,-0.92,-0.919,17730.0,,,0,59111.0,0,2026-02-17,2,15000.0,2018,2019,,1,,
08559329,Cohort A,2018-05-02,2018,1000.0,,,,,,,,,,False,1.0,2013-06-06,4.9,,Private Limited,1.0,1,0,2017,5847,-2780.0,8544,-432.0,5764,2697.0,,,,-3212.0,11756.0,-2.1,-0.376,8627.0,,,0,59120.0,0,2025-12-19,2,17500.0,2018,2022,,1,,
03443981,Cohort A,2018-05-02,2018,500.0,,,,,,,,,,False,0.0,1997-10-02,20.6,,Charitable organization,1.0,11,0,2017,49268,-21243.0,397449,,376206,348181.0,308162.0,-1617.0,474.0,-21243.0,418692.0,-2.32,-0.053,70511.0,-0.005,-0.004,0,59112.0,0,2025-12-22,3,32791.0,2018,2018,,1,,
03561597,Cohort A,2018-05-02,2018,9500.0,,,,,,,,,,False,1.0,1998-05-11,20.0,,Private Limited,1.0,3,0,2017,3888179,-2451468.0,9295855,-685594.0,6631209,5407676.0,10975157.0,2046210.0,-73715.0,-3137062.0,12432917.0,-1.59,-0.337,6339647.0,0.186,0.22,0,59140.0,0,2025-09-16,5,166502.9,2018,2020,,1,,
NI603721,Cohort A,2018-05-02,2018,4000.0,,,,,,,,,,False,0.0,2010-07-07,7.8,,Private Limited,1.0,3,0,2017,545055,-432479.0,550593,,118114,5538.0,,,,-432479.0,983072.0,-1.26,-0.785,977534.0,,,0,59111.0,0,2024-09-25,4,134837.0,2018,2021,,1,,
10236779,Cohort A,2018-05-02,2018,2200.0,,,,,,,,,,False,1.0,2016-06-16,1.9,,Private Limited,1.0,1,0,2017,2250,-2720.0,2250,,-470,,,,,-2720.0,4970.0,-0.83,-1.209,4970.0,,,0,59111.0,0,2026-01-21,4,30150.0,2018,2022,,1,,
07521806,Cohort A,2018-05-02,2018,4000.0,,,,,,,,,,False,0.0,2011-02-08,7.2,,Private Limited,1.0,2,0,2017,3006,-2121.0,3006,-840.0,885,,,,,-2961.0,5967.0,-1.42,-0.985,5127.0,,,0,59111.0,0,2025-10-17,2,16000.0,2018,2018,,1,,
07349733,Cohort A,2018-05-09,2018,5092.0,,,,,,,,,,False,0.0,2010-08-18,7.7,,Private Limited,1.0,0,0,2017,6204,-11569.0,6204,-2950.0,-5365,,,,5024.0,-14519.0,20723.0,-0.54,-2.34,17773.0,,,0,95240.0,1,2020-10-19,1,5092.0,2018,2018,,1,,
09113128,Cohort A,2018-05-09,2018,14803.0,,,,,,,,,,False,0.0,2014-07-02,3.9,,Charitable organization,1.0,3,0,2017,530,,530,,530,,,,,,,,,,,,0,94990.0,0,2026-01-20,2,37956.19,2018,2019,,1,,
09384058,Cohort A,2018-05-09,2018,0.0,,,,,,,,,,False,1.0,2015-01-12,3.3,,Private Limited,1.0,2,0,2017,10047,-9872.0,10734,,862,687.0,,,,-9872.0,20606.0,-1.02,-0.92,19919.0,,,0,59111.0,0,2025-12-23,5,275750.0,2018,2021,,1,,
03256294,Cohort A,2018-05-09,2018,130000.0,,,,,,,,,,False,1.0,1996-09-27,21.6,,Private Limited,1.0,0,0,2017,48534,-43472.0,57271,,13799,8737.0,,,1.0,-43472.0,100743.0,-1.12,-0.759,92006.0,,,0,82990.0,1,2019-10-31,3,155175.0,2018,2020,,0,,
07938551,Cohort A,2018-05-09,2018,0.0,,,,,,,,,,False,0.0,2012-02-07,6.3,,Private Limited,1.0,0,0,2017,385366,-655165.0,385657,,-269508,291.0,,,-2714.0,-655165.0,1040822.0,-0.59,-1.699,1040531.0,,,0,59111.0,1,2024-09-19,2,34500.0,2018,2018,,1,,
08467470,Cohort A,2018-05-22,2018,14999.0,,,,,,,,,,False,0.0,2013-04-02,5.1,,Private Limited,1.0,1,0,2017,183204,-92947.0,215004,,122057,31800.0,,,,-92947.0,307951.0,-1.97,-0.432,276151.0,,,0,59200.0,0,2025-07-31,5,63988.0,2018,2021,,1,,
05243558,Cohort A,2018-05-22,2018,14929.0,,,,,,,,,,False,0.0,2004-09-28,13.6,,Charitable organization,1.0,4,0,2017,108552,-87107.0,108552,,21445,,569418.0,-86180.0,-837.0,-87107.0,195659.0,-1.25,-0.802,195659.0,-0.151,-0.794,0,90010.0,0,2025-11-05,19,499336.0,2018,2022,,1,,
07314094,Cohort A,2018-05-23,2018,6412.0,,,,,,,,,,False,0.0,2010-07-14,7.9,,Private Limited,1.0,2,0,2017,24934,-15337.0,25290,,9953,356.0,,,,-15337.0,40627.0,-1.63,-0.606,40271.0,,,0,96020.0,0,2026-02-02,2,30322.0,2018,2022,,1,,
08043222,Cohort A,2018-05-30,2018,7200.0,,,,,,,,,,False,0.0,2012-04-24,6.1,,Private Limited,1.0,1,0,2017,182781,-7093.0,183382,-120.0,176289,601.0,,,,-7213.0,190595.0,-25.77,-0.039,189874.0,,,0,90030.0,0,2025-11-04,2,22200.0,2018,2020,,1,,
09315516,Cohort A,2018-05-30,2018,0.0,,,,,,,,,,False,1.0,2014-11-18,3.5,,Private Limited,1.0,2,0,2017,59087,-3525.0,59087,-173992.0,55562,,,,,-177517.0,236604.0,-16.76,-3.004,62612.0,,,0,59111.0,0,2025-08-27,4,642500.0,2018,2019,,1,,
08845600,Cohort C,2018-06-01,2018,156258.0,Clean Growth & Infrastructure,Micro/small,Micro/Small,No,Collaborative R&D,1.0,2.0,1.0,South West,False,,2014-01-15,4.4,South Western,Private Limited,1.0,2,0,2017,38282,-748544.0,59768,,-688776,21486.0,,,,-748544.0,-688776.0,0.051,12.52416008566457,-710262.0,,,0,61900.0,0,2025-09-30,1,156258.0,2018,2018,1.0,1,,
08597948,Cohort C,2018-06-01,2018,147379.0,Clean Growth & Infrastructure,Micro/small,Micro/Small,No,Collaborative R&D,1.0,12.0,1.0,South West,False,,2013-04-07,5.1,South Western,Private Limited,1.0,5,0,2017,105723,-33822.0,107179,-30000.0,73357,1456.0,,,,-63822.0,43357.0,3.126,0.5954711277395759,71901.0,,,0,74100.0,0,2025-09-23,1,147379.0,2018,2018,1.0,1,,
09852882,Cohort C,2018-06-01,2018,29560.0,Clean Growth & Infrastructure,Micro/small,Micro/Small,Yes,Feasibility Studies,1.0,3.0,1.0,London,False,,2015-02-11,3.3,Southern,Private Limited,1.0,1,0,2017,15680,-1587.0,16382,,14795,702.0,9800.0,8948.0,,-1587.0,14795.0,9.88,0.09687461848370163,14093.0,0.913,0.546,0,62012.0,0,2025-08-30,1,29560.0,2018,2018,1.0,1,,
04387146,Cohort A,2018-06-05,2018,11500.0,,,,,,,,,,False,0.0,2002-03-05,16.3,,Guarantee,1.0,3,0,2017,15770,-18335.0,21207,-13493.0,2872,5437.0,,,,-31828.0,53035.0,-0.86,-1.501,34105.0,,,0,90010.0,0,2026-06-03,18,349746.0,2018,2022,,1,,
04114840,Cohort A,2018-06-06,2018,0.0,,,,,,,,,,False,1.0,2000-11-27,17.5,,Private Limited,1.0,1,0,2017,16148,-142801.0,16259,-5000.0,-126542,111.0,,,,-147801.0,164060.0,-0.11,-9.09,158949.0,,,0,59111.0,0,2025-09-25,4,148445.0,2018,2022,,1,,
08729513,Cohort A,2018-06-11,2018,14999.0,,,,,,,,,,False,0.0,2013-10-11,4.7,,Private Limited,1.0,1,0,2017,42244,-26706.0,46432,,19726,4188.0,,,,-26706.0,73138.0,-1.58,-0.575,68950.0,,,0,59112.0,1,2022-02-28,5,112975.0,2018,2022,,1,,
03647235,Cohort A,2018-06-13,2018,120000.0,,,,,,,,,,False,1.0,1998-10-09,19.7,,Private Limited,0.0,3,0,2017,52128000,-14303000.0,67443000,-32322000.0,46629000,15315000.0,64326000.0,954000.0,803000.0,-46625000.0,114068000.0,-3.64,-0.691,66431000.0,0.015,0.014,0,59111.0,0,2025-10-09,2,135000.0,2018,2018,,1,,
08938376,Cohort A,2018-06-13,2018,140000.0,,,,,,,,,,False,1.0,2014-03-13,4.3,,Private Limited,1.0,5,0,2017,2674578,-3688891.0,2700252,,-988639,25674.0,2385095.0,-388198.0,325105.0,-3688891.0,6389143.0,-0.73,-1.366,6363469.0,-0.163,-0.144,0,59131.0,0,2026-05-15,2,175000.0,2018,2021,,1,,
09497840,Cohort A,2018-06-13,2018,18500.0,,,,,,,,,,False,1.0,2015-03-19,3.2,,Guarantee,1.0,12,0,2017,59659,-30619.0,70791,-36008.0,40172,11132.0,,,,-66627.0,137418.0,-1.95,-0.941,90278.0,,,0,59131.0,0,2026-03-09,1,18500.0,2018,2018,,1,,
SC331673,Cohort A,2018-06-13,2018,85000.0,,,,,,,,,,False,1.0,2007-10-01,10.7,,Guarantee,1.0,12,0,2017,224939,-157840.0,225399,,67559,460.0,37542.0,-12876.0,-38763.0,-157840.0,383239.0,-1.43,-0.7,382779.0,-0.343,-0.057,0,90020.0,0,2025-12-19,1,85000.0,2018,2018,,1,,
02324916,Cohort A,2018-06-20,2018,16880.0,,,,,,,,,,False,1.0,1988-12-05,29.5,,Charitable organization,1.0,8,0,2017,136387,-45689.0,781250,-238103.0,735561,644863.0,588371.0,105436.0,-7511.0,-283792.0,1065042.0,-2.99,-0.363,182076.0,0.179,0.135,0,90030.0,0,2025-12-27,2,51880.0,2018,2020,,1,,
04440995,Cohort A,2018-06-20,2018,16995.0,,,,,,,,,,False,1.0,2002-05-16,16.1,,Charitable organization,1.0,3,0,2017,110736,-14305.0,124396,-29089.0,110091,13660.0,,,,-43394.0,167790.0,-7.74,-0.349,125041.0,,,0,59111.0,0,2026-02-23,1,16995.0,2018,2018,,1,,
06354202,Cohort A,2018-06-20,2018,34000.0,,,,,,,,,,False,1.0,2007-08-28,10.8,,Guarantee,1.0,0,0,2017,75,,75,,75,,50970.0,21.0,,,,,,,0.0,0.28,0,59140.0,1,2020-05-31,1,34000.0,2018,2018,,0,,
NI033497,Cohort A,2018-06-20,2018,17000.0,,,,,,,,,,False,1.0,1998-01-15,20.4,,Guarantee,1.0,5,0,2017,129069,-54458.0,133531,,79073,4462.0,532622.0,3049.0,-28636.0,-54458.0,187989.0,-2.37,-0.408,183527.0,0.006,0.023,0,82990.0,0,2025-12-24,2,34000.0,2018,2020,,1,,
SC155843,Cohort A,2018-06-20,2018,17000.0,,,,,,,,,,False,1.0,1995-02-02,23.4,,Charitable organization,1.0,5,0,2017,38991,-19807.0,39823,-29897.0,20016,832.0,260301.0,29959.0,-22762.0,-49704.0,89527.0,-1.97,-1.248,58798.0,0.115,0.752,0,59112.0,0,2025-12-22,4,63475.0,2018,2022,,1,,
10258150,Cohort A,2018-06-20,2018,0.0,,,,,,,,,,False,1.0,2016-06-30,2.0,,Private Limited,1.0,3,0,2017,62111,-22266.0,63182,,40916,1071.0,,,5989.0,-22266.0,85448.0,-2.79,-0.352,84377.0,,,0,59111.0,0,2026-05-20,1,0.0,2018,2018,,1,,
02430025,Cohort A,2018-06-20,2018,17000.0,,,,,,,,,,False,1.0,1989-10-06,28.7,,Charitable organization,1.0,10,0,2017,1594999,-1035877.0,8455204,-703204.0,7419327,6860205.0,2858827.0,65987.0,-28841.0,-1739081.0,10194285.0,-1.54,-0.206,2630876.0,0.023,0.008,0,85421.0,0,2026-04-16,3,48928.0,2018,2020,,1,,
02277759,Cohort A,2018-06-20,2018,17000.0,,,,,,,,,,False,1.0,1988-07-15,29.9,,Charitable organization,1.0,9,0,2017,20691,-8663.0,20732,,12069,41.0,151679.0,-9211.0,-2093.0,-8663.0,29395.0,-2.39,-0.418,29354.0,-0.061,-0.444,0,85520.0,0,2025-09-24,1,17000.0,2018,2018,,1,,
04290554,Cohort A,2018-06-20,2018,17000.0,,,,,,,,,,False,1.0,2001-09-20,16.7,,Guarantee,1.0,8,0,2017,106510,-88801.0,107860,,19059,1350.0,,,7458.0,-88801.0,196661.0,-1.2,-0.823,195311.0,,,0,59112.0,0,2025-07-11,1,17000.0,2018,2018,,1,,
02022892,Cohort A,2018-06-20,2018,16965.0,,,,,,,,,,False,1.0,1986-05-27,32.1,,Charitable organization,1.0,9,0,2017,101151,-28540.0,108566,,80026,7415.0,192764.0,533.0,2294.0,-28540.0,137106.0,-3.54,-0.263,129691.0,0.003,0.005,0,59112.0,0,2025-12-19,3,50930.0,2018,2022,,1,,
SC332413,Cohort A,2018-06-20,2018,17000.0,,,,,,,,,,False,0.0,2007-10-15,10.7,,Charitable organization,1.0,7,0,2017,238591,-17765.0,274439,-38000.0,256674,35848.0,743192.0,-66053.0,-10152.0,-55765.0,330204.0,-13.43,-0.203,256356.0,-0.089,-0.241,0,85520.0,0,2025-12-23,2,34000.0,2018,2019,,1,,
07575935,Cohort A,2018-06-20,2018,17000.0,,,,,,,,,,False,1.0,2011-03-23,7.2,,Guarantee,1.0,0,0,2017,5251,-5070.0,5251,,181,,,,,-5070.0,10321.0,-1.04,-0.966,10321.0,,,0,90030.0,1,2023-05-17,3,44000.0,2018,2022,,1,,
03428595,Cohort A,2018-06-20,2018,13600.0,,,,,,,,,,False,1.0,1997-09-03,20.8,,Guarantee,1.0,6,0,2017,80959,-66538.0,88598,,22060,7639.0,270343.0,-1660.0,-2.0,-66538.0,155136.0,-1.22,-0.751,147497.0,-0.006,-0.019,0,90010.0,0,2026-05-12,3,43900.0,2018,2021,,1,,
NI032276,Cohort A,2018-06-20,2018,51000.0,,,,,,,,,,False,1.0,1997-04-16,21.2,,Charitable organization,1.0,5,0,2017,3701767,-1175064.0,6070169,-400000.0,4895105,2368402.0,2591937.0,138903.0,-41103.0,-1575064.0,7645233.0,-3.15,-0.259,4876831.0,0.054,0.023,0,90040.0,0,2025-12-09,2,102000.0,2018,2022,,1,,
09428489,Cohort A,2018-06-20,2018,16935.0,,,,,,,,,,False,1.0,2015-02-09,3.4,,Private Limited,1.0,1,0,2017,21018,-8891.0,21643,,12752,625.0,,,,-8891.0,30534.0,-2.36,-0.411,29909.0,,,0,85590.0,0,2025-12-21,2,33860.0,2018,2021,,1,,
04985692,Cohort A,2018-06-21,2018,50000.0,,,,,,,,,,False,0.0,2003-12-05,14.5,,Private Limited,1.0,9,0,2017,176264,-167922.0,177469,,9547,1205.0,,,14889.0,-167922.0,345391.0,-1.05,-0.946,344186.0,,,0,94110.0,0,2025-12-18,3,72598.0,2018,2021,,1,,
05964556,Cohort A,2018-06-25,2018,37133.0,,,,,,,,,,False,0.0,2006-10-12,11.7,,Guarantee,1.0,3,0,2017,37021,-23082.0,37021,,13939,,,,6045.0,-23082.0,60103.0,-1.6,-0.623,60103.0,,,0,90030.0,0,2025-11-14,3,94662.0,2018,2020,,1,,
06234800,Cohort A,2018-06-27,2018,0.0,,,,,,,,,,False,0.0,2007-05-02,11.2,,Private Limited,1.0,3,0,2017,105106,-51355.0,105106,,53751,,,,,-51355.0,156461.0,-2.05,-0.489,156461.0,,,0,90030.0,0,2025-12-08,1,0.0,2018,2018,,1,,
09152075,Cohort A,2018-06-27,2018,16630.0,,,,,,,,,,False,1.0,2014-07-29,3.9,,Private Limited,1.0,2,0,2017,46703,-102534.0,68174,-5000.0,-55714,21471.0,,,,-107534.0,175708.0,-0.46,-1.577,149237.0,,,0,59111.0,0,2026-04-28,1,16630.0,2018,2018,,1,,
03386848,Cohort A,2018-06-27,2018,200000.0,,,,,,,,,,False,0.0,1997-06-10,21.0,,Private Limited,1.0,1,0,2017,241039,-100646.0,244470,-6750.0,143824,3431.0,,,,-107396.0,351866.0,-2.39,-0.439,341685.0,,,0,59111.0,0,2026-03-18,5,386737.0,2018,2022,,1,,
10042374,Cohort A,2018-06-27,2018,0.0,,,,,,,,,,False,1.0,2016-03-03,2.3,,Private Limited,1.0,2,0,2017,27550,-44142.0,27550,,-16592,,,,,-44142.0,71692.0,-0.62,-1.602,71692.0,,,0,59111.0,0,2025-08-22,2,15500.0,2018,2019,,1,,
SC402211,Cohort C,2018-07-01,2018,194386.48,Clean Growth & Infrastructure,Micro/small,Micro/Small,Yes,Collaborative R&D,0.0,1.0,1.0,Scotland,False,,2011-06-22,7.0,Scotland,Private Limited,1.0,4,0,2017,596135,-608110.0,639370,-9193.0,31260,43235.0,,,134455.0,-617303.0,22067.0,0.98,0.965486338114081,-11975.0,,,0,43999.0,0,2025-09-29,1,194386.48,2018,2018,0.0,1,,
SC045574,Cohort C,2018-07-01,2018,706.0,Clean Growth & Infrastructure,Medium,Medium,No,Collaborative R&D,0.0,1.0,1.0,Scotland,False,,1968-01-04,50.5,Scotland,Private Limited,1.0,2,0,2017,4212995,-1029545.0,5742289,-7166311.0,4712744,1529294.0,6726429.0,-706402.0,-97311.0,-8195856.0,-2453567.0,4.092,1.427280305815329,3183450.0,-0.105,-0.123,0,43991.0,0,2025-12-22,1,706.0,2018,2018,0.0,1,,
SC517906,Cohort C,2018-07-01,2018,12315.98,Clean Growth & Infrastructure,Micro/small,Micro/Small,No,Collaborative R&D,1.0,3.0,1.0,Scotland,False,,2015-10-14,2.7,Scotland,Private Limited,1.0,3,0,2017,272218,-120157.0,283682,-409049.0,163525,11464.0,215097.0,-308144.0,,-529206.0,-245524.0,2.266,1.865490232020361,152061.0,-1.433,-1.086,0,33120.0,0,2025-12-11,1,12315.98,2018,2018,1.0,1,,
08482238,Cohort C,2018-07-01,2018,46457.0,Clean Growth & Infrastructure,Micro,Micro,Yes,Collaborative R&D,0.0,1.0,1.0,North West,False,,2013-10-04,4.7,North West,Private Limited,1.0,2,0,2017,25610,-4250.0,25610,,21360,,,,,-4250.0,21360.0,6.026,0.165950800468567,21360.0,,,0,62012.0,0,2025-11-26,1,46457.0,2018,2018,0.0,1,,
NI612857,Cohort C,2018-07-01,2018,140181.0,Clean Growth & Infrastructure,Small,Small,Yes,Collaborative R&D,1.0,5.0,1.0,Northern Ireland,False,,2012-05-23,6.1,Northern Ireland,Private Limited,1.0,9,0,2017,1560032,-541905.0,2183543,,1641638,623511.0,,,,-541905.0,1641638.0,2.879,0.2481769307955007,1018127.0,,,0,20590.0,0,2025-05-06,1,140181.0,2018,2018,1.0,1,,
01983602,Cohort C,2018-07-01,2018,17991.0,Clean Growth & Infrastructure,Micro,Micro,No,Collaborative R&D,0.0,1.0,1.0,East of England,False,,1986-01-29,32.4,Eastern,Private Limited,1.0,2,0,2017,13174,-17963.0,35215,,17252,22041.0,101460.0,73104.0,,-17963.0,17252.0,0.733,0.5100951299162289,-4789.0,0.721,1.22768,0,74100.0,0,2026-03-24,1,17991.0,2018,2018,0.0,1,,
08772178,Cohort C,2018-07-01,2018,95832.0,Clean Growth & Infrastructure,Micro,Micro,Yes,Collaborative R&D,0.0,1.0,1.0,South West,False,,2013-12-11,4.6,Eastern,Private Limited,1.0,5,0,2017,168901,-63693.0,181903,,118210,13002.0,,,38136.0,-63693.0,118210.0,2.652,0.3501481558852795,105208.0,,,0,72190.0,0,2025-08-28,1,95832.0,2018,2018,0.0,1,,
10074259,Cohort C,2018-07-01,2018,82099.0,Clean Growth & Infrastructure,Micro/small,Micro/Small,Yes,Collaborative R&D,0.0,1.0,1.0,South East,False,,2016-03-21,2.3,London Outer,Private Limited,0.0,0,0,2017,102360,-21914.0,109685,-12002.0,87771,7325.0,,,,-33916.0,75769.0,4.671,0.3092127455896431,80446.0,,,0,70100.0,1,2022-10-29,1,82099.0,2018,2018,0.0,1,,
04490352,Cohort A,2018-07-02,2018,5583.0,,,,,,,,,,False,1.0,2002-07-19,16.0,,Guarantee,1.0,13,0,2017,2451391,-543540.0,8856596,-7693212.0,8313056,6405205.0,537846.0,897.0,-4275.0,-8236752.0,17093348.0,-4.51,-0.93,2994931.0,0.002,0.0,0,59111.0,0,2025-12-10,4,630583.0,2018,2022,,1,,
03827654,Cohort A,2018-07-02,2018,5840.0,,,,,,,,,,False,1.0,1999-08-18,18.9,,Charitable organization,1.0,12,0,2017,94727,-30494.0,94727,,64233,,180220.0,12845.0,-3.0,-30494.0,125221.0,-3.11,-0.322,125221.0,0.071,0.136,0,88990.0,0,2026-02-20,2,20340.0,2018,2019,,1,,
06703571,Cohort A,2018-07-03,2018,231400.0,,,,,,,,,,False,1.0,2008-09-22,9.8,,Private Limited,1.0,2,0,2017,780109,-686872.0,782166,,95294,2057.0,,,369119.0,-686872.0,1469038.0,-1.14,-0.878,1466981.0,,,0,73110.0,0,2025-09-05,1,231400.0,2018,2018,,1,,
10311303,Cohort A,2018-07-17,2018,40000.0,,,,,,,,,,False,0.0,2016-08-04,1.9,,Private Limited,1.0,2,0,2017,878633,-879979.0,878633,,-1346,,,,,-879979.0,1758612.0,-1.0,-1.002,1758612.0,,,0,59113.0,1,2025-05-23,2,40000.0,2018,2018,,1,,
03722790,Cohort A,2018-07-19,2018,2669.0,,,,,,,,,,False,0.0,1999-03-01,19.4,,Charitable organization,1.0,6,0,2017,249549,-7744.0,250341,,242597,792.0,212336.0,16974.0,166.0,-7744.0,258085.0,-32.22,-0.031,257293.0,0.08,0.068,0,88990.0,0,2025-10-09,1,2669.0,2018,2018,,1,,
05622380,Cohort A,2018-07-25,2018,25000.0,,,,,,,,,,False,1.0,2005-11-14,12.7,,Charitable organization,1.0,9,0,2017,25539,-8572.0,26653,,18081,1114.0,149567.0,4960.0,2874.0,-8572.0,35225.0,-2.98,-0.322,34111.0,0.033,0.186,0,90030.0,0,2025-11-10,3,57000.0,2018,2019,,1,,
08613929,Cohort A,2018-07-25,2018,12617.0,,,,,,,,,,False,0.0,2013-07-17,5.0,,Charitable organization,1.0,8,0,2017,66307,-58221.0,66307,,8086,,223383.0,3959.0,,-58221.0,124528.0,-1.14,-0.878,124528.0,0.018,0.06,0,90010.0,0,2025-11-01,1,12617.0,2018,2018,,1,,
03758404,Cohort C,2018-08-01,2018,69598.8,Clean Growth & Infrastructure,Medium,Medium,No,Collaborative R&D,1.0,3.0,1.0,West Midlands,False,,1999-04-23,19.3,South Western,Private Limited,0.0,8,0,2017,4540000,-498235000.0,539122000,-89000.0,40887000,534582000.0,16828000.0,95204000.0,29000.0,-498324000.0,40798000.0,0.0105,0.9243251063766643,-493695000.0,4.082439999999969,0.177,0,64209.0,0,2025-09-25,1,69598.8,2018,2018,1.0,1,,
SC036770,Cohort C,2018-08-01,2018,26147.0,Clean Growth & Infrastructure,Medium,Medium,No,Feasibility Studies,1.0,2.0,1.0,Scotland,False,,1961-01-09,57.6,Scotland,Private Limited,1.0,6,0,2017,1242612,-1345246.0,1242612,-3075000.0,-102634,,,,-130897.0,-4420246.0,-3177634.0,0.924,3.557221401370661,-102634.0,,,0,50100.0,0,2025-11-17,1,26147.0,2018,2018,1.0,1,,
03360075,Cohort A,2018-08-14,2018,16000.0,,,,,,,,,,False,1.0,1997-04-25,21.3,,Charitable organization,1.0,10,0,2017,173442,-13058.0,178381,,165323,4939.0,274476.0,-123235.0,-3592.0,-13058.0,191439.0,-13.28,-0.073,186500.0,-0.449,-0.691,0,59140.0,0,2026-03-31,2,56000.0,2018,2019,,1,,
06773619,Cohort A,2018-08-14,2018,29750.0,,,,,,,,,,False,1.0,2008-12-15,9.7,,Private Limited,1.0,2,0,2017,32801,-23245.0,35484,-14892.0,12239,2683.0,,,7196.0,-38137.0,73621.0,-1.41,-1.075,56046.0,,,0,59112.0,0,2026-03-30,2,44749.0,2018,2020,,1,,
04015537,Cohort A,2018-08-14,2018,37500.0,,,,,,,,,,False,0.0,2000-06-15,18.2,,Private Limited,1.0,1,0,2017,140287,-125170.0,153946,,28776,13659.0,,,,-125170.0,279116.0,-1.12,-0.813,265457.0,,,0,59112.0,0,2025-10-06,4,115490.0,2018,2022,,1,,
07590160,Cohort A,2018-08-14,2018,0.0,,,,,,,,,,False,0.0,2011-04-04,7.4,,Private Limited,1.0,0,0,2017,202518,-284993.0,388153,,103160,185635.0,,,,-284993.0,673146.0,-0.71,-0.734,487511.0,,,0,85590.0,1,2024-05-25,1,0.0,2018,2018,,1,,
09256093,Cohort A,2018-08-14,2018,12000.0,,,,,,,,,,False,0.0,2014-10-09,3.8,,Guarantee,1.0,0,0,2017,15436,-11080.0,15436,,4356,,12382.0,3458.0,,-11080.0,26516.0,-1.39,-0.718,26516.0,0.279,0.224,0,85600.0,1,2021-06-25,1,12000.0,2018,2018,,1,,
03590395,Cohort A,2018-08-14,2018,37000.0,,,,,,,,,,False,1.0,1998-06-30,20.1,,Private Limited,1.0,2,0,2017,3055410,-3893189.0,3111754,,-781435,56344.0,11459930.0,196225.0,,-3893189.0,7004943.0,-0.78,-1.251,6948599.0,0.017,0.063,0,59111.0,0,2025-12-16,4,751000.0,2018,2020,,1,,
01158819,Cohort A,2018-08-22,2018,14942.0,,,,,,,,,,False,0.0,1974-01-31,44.6,,Charitable organization,1.0,12,0,2017,517363,-548020.0,7566869,-39538.0,7018849,7049506.0,2064881.0,-27895.0,-43611.0,-587558.0,8154427.0,-0.94,-0.078,1065383.0,-0.014,-0.004,0,88990.0,0,2026-05-20,2,29942.0,2018,2021,,1,,
06025418,Cohort A,2018-08-22,2018,25000.0,,,,,,,,,,False,1.0,2006-12-12,11.7,,Private Limited,1.0,2,0,2017,67961,-41669.0,71755,-4783.0,30086,3794.0,,,-8010.0,-46452.0,118207.0,-1.63,-0.647,109630.0,,,0,58142.0,0,2026-04-23,2,39780.0,2018,2019,,1,,
02784834,Cohort A,2018-08-22,2018,15000.0,,,,,,,,,,False,0.0,1993-01-29,25.6,,Guarantee,1.0,16,0,2017,134073,-30023.0,135197,,105174,1124.0,,,,-30023.0,165220.0,-4.47,-0.222,164096.0,,,0,94990.0,0,2025-11-29,2,64770.0,2018,2018,,1,,
03292609,Cohort A,2018-08-29,2018,48000.0,,,,,,,,,,False,0.0,1996-12-16,21.7,,Charitable organization,1.0,13,0,2017,190343,-80226.0,190344,,110118,1.0,343408.0,1937.0,10856.0,-80226.0,270570.0,-2.37,-0.421,270569.0,0.006,0.01,0,90020.0,0,2025-10-28,1,48000.0,2018,2018,,1,,
08335376,Cohort A,2018-08-29,2018,7153.5,,,,,,,,,,False,1.0,2012-12-18,5.7,,Private Limited,1.0,0,0,2017,6717106,-6318124.0,7607927,,1156292,890821.0,22116398.0,1959947.0,-27294.0,-6318124.0,13926051.0,-1.06,-0.83,13035230.0,0.089,0.258,0,82990.0,1,2022-12-23,1,7153.5,2018,2018,,1,,
03669888,Cohort A,2018-08-29,2018,8944.0,,,,,,,,,,False,1.0,1998-11-18,19.8,,Private Limited,1.0,1,0,2017,2772800,-505866.0,2773351,-11132136.0,2267485,551.0,,,19728.0,-11638002.0,14411353.0,-5.48,-4.196,3278666.0,,,0,59111.0,0,2025-09-29,2,57194.0,2018,2019,,1,,
10379796,Cohort A,2018-08-29,2018,500000.0,,,,,,,,,,False,0.0,2016-09-16,1.9,,Private Limited,1.0,2,0,2017,110274,-111039.0,111372,,333,1098.0,,,,-111039.0,222411.0,-0.99,-0.997,221313.0,,,0,59113.0,0,2025-04-29,7,1776313.0,2018,2022,,1,,
03663618,Cohort A,2018-08-29,2018,15000.0,,,,,,,,,,False,1.0,1998-11-06,19.8,,Private Limited,1.0,3,0,2017,4734781,-3468039.0,4798075,0.0,1330036,63294.0,5272000.0,149378.0,-173025.0,-3468039.0,8266114.0,-1.37,-0.723,8202820.0,0.028,0.031,0,59111.0,0,2026-03-31,2,25000.0,2018,2020,,1,,
08160881,Cohort C,2018-09-01,2018,109495.0,Clean Growth & Infrastructure,Medium,Medium,No,Collaborative R&D,0.0,1.0,1.0,London,False,,2012-07-30,6.1,London Outer,Private Limited,1.0,2,0,2017,282326,-311619.0,289170,-2392926.0,-22449,6844.0,,,85028.0,-2704545.0,-2415375.0,0.906,9.352785558667911,-29293.0,,,0,63990.0,0,2025-10-14,1,109495.0,2018,2018,0.0,1,,
09601800,Cohort A,2018-09-05,2018,25000.0,,,,,,,,,,False,1.0,2015-05-20,3.3,,Guarantee,1.0,10,0,2017,5383,-4888.0,5383,,495,,,,,-4888.0,10271.0,-1.1,-0.908,10271.0,,,0,59140.0,0,2025-12-10,2,60000.0,2018,2022,,1,,
05718491,Cohort A,2018-09-06,2018,14800.0,,,,,,,,,,False,0.0,2006-02-22,12.5,,Charitable organization,1.0,5,0,2017,28530,-600.0,46223,,45623,17693.0,,,,-600.0,46823.0,-44.03,-0.02567999999999983,29130.0,,,0,85200.0,0,2026-01-14,3,45848.0,2018,2022,,1,,
SC529806,Cohort A,2018-09-12,2018,14909.0,,,,,,,,,,False,0.0,2016-03-16,2.5,,Private Limited,1.0,0,0,2017,10,,10,,10,,,,,,,,,,,,0,74100.0,1,2022-11-10,1,14909.0,2018,2018,,1,,
04325267,Cohort A,2018-09-13,2018,10000.0,,,,,,,,,,False,1.0,2001-11-20,16.8,,Private Limited,1.0,2,0,2017,611386,-151156.0,765420,-20680.0,614264,154034.0,,,10256.0,-171836.0,937256.0,-4.04,-0.224,762542.0,,,0,59111.0,0,2025-08-28,3,143500.0,2018,2021,,1,,
07639207,Cohort A,2018-09-17,2018,125316.0,,,,,,,,,,False,0.0,2011-05-18,7.3,,Private Limited,1.0,0,0,2017,31743,-24703.0,31743,,7040,,,,7538.0,-24703.0,56446.0,-1.28,-0.778,56446.0,,,0,90010.0,1,2022-08-03,2,134692.0,2018,2020,,1,,
01962950,Cohort A,2018-09-19,2018,9557.0,,,,,,,,,,False,0.0,1985-11-21,32.8,,Charitable organization,1.0,8,0,2017,279865,-215112.0,279865,,64753,,1135950.0,24341.0,,-215112.0,494977.0,-1.3,-0.769,494977.0,0.021,0.087,0,90020.0,0,2025-11-19,2,13588.0,2018,2020,,1,,
06264124,Cohort A,2018-09-25,2018,14500.0,,,,,,,,,,False,0.0,2007-05-31,11.3,,Charitable organization,1.0,11,0,2017,120828,-35897.0,120962,,85065,134.0,291045.0,32853.0,-1962.0,-35897.0,156859.0,-3.37,-0.297,156725.0,0.113,0.272,0,85520.0,0,2025-11-25,5,1336185.0,2018,2020,,1,,
05601933,Cohort A,2018-09-26,2018,8000.0,,,,,,,,,,False,0.0,2005-10-24,12.9,,Private Limited,1.0,2,0,2017,17860,-47653.0,17870,-1741105.0,-29783,10.0,,,30728.0,-1788758.0,1806628.0,-0.37,-54.02864,65513.0,,,0,59111.0,0,2026-05-31,2,15500.0,2018,2020,,1,,
10153530,Cohort A,2018-09-26,2018,33000.0,,,,,,,,,,False,1.0,2016-04-28,2.4,,Private Limited,1.0,1,0,2017,1941,-2600.0,2651,,51,710.0,,,,-2600.0,5251.0,-0.75,-0.981,4541.0,,,0,59111.0,0,2026-01-16,1,33000.0,2018,2018,,1,,
04034498,Cohort A,2018-09-27,2018,27146.0,,,,,,,,,,False,0.0,2000-07-17,18.2,,Charitable organization,1.0,3,0,2017,72136,-2114.0,75870,-542.0,73756,3734.0,22237.0,-3100.0,,-2656.0,78526.0,-34.12,-0.035,74250.0,-0.139,-0.041,0,90030.0,0,2026-03-28,2,41178.0,2018,2020,,1,,
06441350,Cohort A,2018-09-27,2018,14700.0,,,,,,,,,,False,0.0,2007-11-29,10.8,,Charitable organization,1.0,3,0,2017,20096,-894.0,20682,,19788,586.0,,,,-894.0,21576.0,-22.48,-0.043,20990.0,,,0,85590.0,0,2025-08-26,1,14700.0,2018,2018,,1,,
03023539,Cohort B,2018-10-01,2018,21387.0,AI & Data Economy,Micro/small,Micro/Small,No,Feasibility Studies,1.0,3.0,1.0,South West,False,,1995-02-17,23.6,South Western,Private Limited,1.0,2,0,2017,651025,-267087.0,732142,-15702.0,465055,81117.0,,,19363.0,-282789.0,449353.0,2.438,0.3862488424376692,383938.0,,,0,59113.0,0,2025-09-18,1,21387.0,2018,2018,1.0,1,,
04126458,Cohort B,2018-10-01,2018,14409.0,AI & Data Economy,Micro/small,Micro/Small,Yes,Feasibility Studies,1.0,2.0,1.0,West Midlands,False,,2000-12-15,17.8,West Midlands,Private Limited,1.0,2,0,2017,33469,-19403.0,35868,,16465,2399.0,,,7040.0,-19403.0,16465.0,1.725,0.5409557265529162,14066.0,,,0,62011.0,0,2025-10-02,1,14409.0,2018,2018,1.0,1,0.0,1.0
04489925,Cohort B,2018-10-01,2018,29296.0,AI & Data Economy,Micro/small,Micro/Small,Yes,Feasibility Studies,0.0,1.0,1.0,South West,False,,2002-07-19,16.2,South Western,Guarantee,,2,0,2017,45123,-32789.0,57154,,24365,12031.0,,,2868.0,-32789.0,24365.0,1.376,0.5736956293522764,12334.0,,,0,62090.0,0,2025-12-16,1,29296.0,2018,2018,0.0,1,0.0,1.0
06628206,Cohort B,2018-10-01,2018,12866.0,AI & Data Economy,Micro/small,Micro/Small,No,Feasibility Studies,1.0,2.0,1.0,West Midlands,False,,2008-06-24,10.3,Wales,Private Limited,1.0,5,0,2017,1168322,-467671.0,1471899,-659254.0,1004228,303577.0,,,149542.0,-1126925.0,344974.0,2.498,0.7656265817151856,700651.0,,,0,62011.0,0,2025-11-25,1,12866.0,2018,2018,1.0,1,,
09355825,Cohort B,2018-10-01,2018,10951.0,AI & Data Economy,Micro/small,Micro/Small,Yes,Feasibility Studies,1.0,2.0,1.0,Yorkshire and The Humber,False,,2014-12-15,3.8,Yorks & Humberside,Private Limited,1.0,1,0,2017,35765,-41890.0,35765,,-6125,,,,,-41890.0,-6125.0,0.854,1.171256815322242,-6125.0,,,0,59111.0,0,2025-12-18,16,151857.51,2018,2022,1.0,1,0.0,1.0
08111428,Cohort B,2018-10-01,2018,34985.0,AI & Data Economy,Medium,Medium,Yes,Feasibility Studies,0.0,1.0,1.0,London,False,,2012-06-19,6.3,London Inner,Private Limited,1.0,3,0,2017,3075079,-3399893.0,4736826,-12764.0,-239158,1661747.0,11825980.0,698245.0,218211.0,-3412657.0,1324169.0,0.904,0.7204522606487973,-324814.0,0.059,0.147,0,70100.0,0,2025-05-09,1,34985.0,2018,2018,0.0,1,0.0,0.0
10290102,Cohort B,2018-10-01,2018,10490.0,AI & Data Economy,Micro/small,Micro/Small,No,Feasibility Studies,1.0,4.0,1.0,South West,False,,2016-07-21,2.2,South Western,Private Limited,1.0,2,0,2017,14070,-11452.0,16618,-775.0,5166,2548.0,,,,-12227.0,4391.0,1.229,0.7357684438560597,2618.0,,,0,62012.0,1,2025-04-30,1,10490.0,2018,2018,1.0,1,,
10308088,Cohort B,2018-10-01,2018,41623.0,AI & Data Economy,Micro/small,Micro/Small,Yes,Feasibility Studies,1.0,2.0,1.0,London,False,,2016-02-08,2.6,London Inner,Private Limited,1.0,2,0,2017,10976,-62025.0,10976,,-51049,,,,,-62025.0,-51049.0,0.177,5.650965743440233,-51049.0,,,0,62020.0,0,2025-11-03,1,41623.0,2018,2018,1.0,1,0.0,1.0
04896056,Cohort B,2018-10-01,2018,22309.0,AI & Data Economy,Micro/small,Micro/Small,Yes,Feasibility Studies,0.0,1.0,1.0,London,False,,2003-11-09,14.9,London Inner,Charitable organization,1.0,13,0,2017,2163248,-2064835.0,28318255,-7509644.0,26096276,26155007.0,5899210.0,821035.0,-233852.0,-9574479.0,18743776.0,1.048,0.3381027185467466,98413.0,0.139,0.029,0,91020.0,0,2025-12-17,1,22309.0,2018,2018,0.0,1,0.0,0.0
07704626,Cohort B,2018-10-01,2018,15365.0,AI & Data Economy,Micro/small,Micro/Small,No,Feasibility Studies,1.0,3.0,1.0,London,False,,2011-07-14,7.2,London Inner,Private Limited,1.0,2,0,2017,353983,-166352.0,435346,-11957.0,268994,81363.0,,,,-178309.0,257037.0,2.128,0.4095799662796948,187631.0,,,0,71122.0,0,2025-12-15,1,15365.0,2018,2018,1.0,1,,
10055607,Cohort B,2018-10-01,2018,29158.0,AI & Data Economy,Micro/small,Micro/Small,Yes,Feasibility Studies,0.0,1.0,1.0,London,False,,2016-10-03,2.0,London Inner,Private Limited,1.0,1,0,2017,8591,-2647.0,8591,,5944,,,,,-2647.0,5944.0,3.246,0.3081131416598766,5944.0,,,0,43999.0,0,2025-11-11,1,29158.0,2018,2018,0.0,1,0.0,0.0
09219751,Cohort B,2018-10-01,2018,30939.0,AI & Data Economy,Micro/small,Micro/Small,Yes,Feasibility Studies,0.0,1.0,1.0,South East,False,,2014-09-16,4.0,London Inner,Private Limited,1.0,2,0,2017,182022,-21632.0,208223,,186591,26201.0,,,,-21632.0,186591.0,8.414,0.103888619412841,160390.0,,,0,62011.0,0,2025-05-26,1,30939.0,2018,2018,0.0,1,0.0,0.0
09394123,Cohort B,2018-10-01,2018,25634.0,AI & Data Economy,Micro/small,Micro/Small,Yes,Feasibility Studies,0.0,1.0,1.0,London,False,,2015-01-19,3.7,London Inner,Private Limited,1.0,1,0,2017,424853,-166298.0,427440,-795.0,261142,2587.0,,,,-167093.0,260347.0,2.555,0.3909156840726184,258555.0,,,0,63990.0,0,2025-09-17,1,25634.0,2018,2018,0.0,1,0.0,0.0
07540585,Cohort B,2018-10-01,2018,21767.0,AI & Data Economy,Micro/small,Micro/Small,Yes,Feasibility Studies,1.0,2.0,1.0,South West,False,,2011-02-23,7.6,London Inner,Private Limited,1.0,1,0,2017,15430,-15572.0,15600,,28,170.0,,,,-15572.0,28.0,0.991,0.9982051282051282,-142.0,,,0,74100.0,0,2025-12-12,1,21767.0,2018,2018,1.0,1,0.0,1.0
05807318,Cohort B,2018-10-01,2018,10938.0,AI & Data Economy,Micro/small,Micro/Small,No,Feasibility Studies,0.0,1.0,1.0,East of England,False,,2006-05-05,12.4,South Eastern,Charitable organization,1.0,8,0,2017,62538,-2054.0,62538,,60484,,,,685.0,-2054.0,60484.0,30.447,0.03284403082925581,60484.0,,,0,90010.0,0,2025-12-17,1,10938.0,2018,2018,0.0,1,0.0,0.0
09863437,Cohort B,2018-10-01,2018,32603.0,AI & Data Economy,Micro/small,Micro/Small,Yes,Feasibility Studies,1.0,2.0,1.0,London,False,,2015-09-11,3.1,South Western,Private Limited,1.0,0,0,2017,133170,-56005.0,146409,-1775.0,90404,13239.0,,,,-57780.0,88629.0,2.378,0.3946478700079913,77165.0,,,0,62012.0,1,2021-06-10,1,32603.0,2018,2018,1.0,1,,
07733486,Cohort B,2018-10-01,2018,31511.0,AI & Data Economy,Micro/small,Micro/Small,Yes,Feasibility Studies,0.0,1.0,1.0,East of England,False,,2011-09-08,7.1,Eastern,Guarantee,1.0,2,0,2017,831,-3625.0,831,,-2794,,,,,-3625.0,-2794.0,0.229,4.362214199759326,-2794.0,,,0,90010.0,0,2026-05-22,1,31511.0,2018,2018,0.0,1,0.0,0.0
07005205,Cohort B,2018-10-01,2018,18472.0,AI & Data Economy,Micro/small,Micro/Small,Yes,Feasibility Studies,0.0,1.0,1.0,London,False,,2009-01-09,9.7,Eastern,Guarantee,1.0,3,0,2017,20500,-23327.0,20500,-1200.0,-2827,,,,,-24527.0,-4027.0,0.879,1.196439024390244,-2827.0,,,0,62090.0,0,2025-11-24,1,18472.0,2018,2018,0.0,1,,
10418464,Cohort B,2018-10-01,2018,14631.0,AI & Data Economy,Micro/small,Micro/Small,No,Feasibility Studies,0.0,1.0,1.0,London,False,,2016-10-10,2.0,Eastern,Private Limited,1.0,1,0,2017,41254,-17516.0,47108,,29592,5854.0,,,,-17516.0,29592.0,2.355,0.3718264413687696,23738.0,,,0,62020.0,0,2025-07-04,1,14631.0,2018,2018,0.0,1,,
06311795,Cohort C,2018-10-01,2018,28622.0,Clean Growth & Infrastructure,Medium,Medium,No,Collaborative R&D,0.0,1.0,1.0,North West,False,,2007-07-13,11.2,North West,Private Limited,0.0,7,0,2017,130290000,-85564000.0,258441000,-6038000.0,165716000,128151000.0,173722000.0,-4683000.0,1802000.0,-91602000.0,166839000.0,1.523,0.3544406653743021,44726000.0,-0.027,-0.018,0,35220.0,0,2025-09-13,1,28622.0,2018,2018,0.0,1,,
08247928,Cohort A,2018-10-09,2018,35000.0,,,,,,,,,,False,0.0,2012-10-10,6.0,,Guarantee,1.0,3,0,2017,23609,-17694.0,24458,-170.0,6764,849.0,,,20.0,-17864.0,42322.0,-1.33,-0.73,41303.0,,,0,82990.0,0,2026-05-21,1,35000.0,2018,2018,,1,,
06725324,Cohort A,2018-10-15,2018,14000.0,,,,,,,,,,False,0.0,2008-10-16,10.0,,Private Limited,1.0,0,0,2017,243618,-14027.0,247436,-245.0,233409,3818.0,,,180.0,-14272.0,261708.0,-17.37,-0.058,257645.0,,,0,59200.0,1,2024-03-28,2,37340.0,2018,2020,,1,,
01460890,Cohort A,2018-10-23,2018,8530.0,,,,,,,,,,False,0.0,1979-11-13,38.9,,Private Limited,1.0,0,0,2017,304186,-136165.0,304186,,168021,,,,,-136165.0,440351.0,-2.23,-0.448,440351.0,,,0,82990.0,1,2018-09-12,1,8530.0,2018,2018,,0,,
07750430,Cohort A,2018-10-31,2018,28500.0,,,,,,,,,,False,1.0,2011-08-23,7.2,,Guarantee,1.0,1,0,2017,7060,-5682.0,7060,,1378,,,,3988.0,-5682.0,12742.0,-1.24,-0.805,12742.0,,,0,90020.0,0,2025-12-19,1,28500.0,2018,2018,,1,,
01165130,Cohort A,2018-10-31,2018,599511.0,,,,,,,,,,False,0.0,1974-04-01,44.6,,Charitable organization,1.0,8,0,2017,743892,-44045.0,743893,,699848,1.0,1301952.0,99671.0,-1382.0,-44045.0,787938.0,-16.89,-0.059,787937.0,0.077,0.134,0,90030.0,0,2025-12-19,1,599511.0,2018,2018,,1,,
00708818,Cohort B,2018-11-01,2018,339907.0,AI & Data Economy,Micro/small,Micro/Small,No,Collaborative R&D,1.0,3.0,1.0,South East,False,,1961-11-23,56.9,South Eastern,Private Limited,1.0,3,0,2017,264902,-142626.0,371415,-4274.0,196122,106513.0,,,-2955.0,-146900.0,224515.0,1.857,0.3955144514895736,122276.0,,,0,26110.0,0,2025-12-30,1,339907.0,2018,2018,1.0,1,,
04331550,Cohort B,2018-11-01,2018,163422.79,AI & Data Economy,Medium,Medium,No,Collaborative R&D,0.0,1.0,1.0,South East,False,,2001-11-29,16.9,Southern,Private Limited,1.0,2,0,2017,2633,-1154147.0,2633,,-1151514,,,,,-1154147.0,-1151514.0,0.003720000000000001,99.92661149825797,-1151514.0,,,0,62090.0,0,2025-10-31,1,163422.79,2018,2018,0.0,1,,
10026434,Cohort B,2018-11-01,2018,26427.0,AI & Data Economy,Micro/small,Micro/Small,No,Collaborative R&D,0.0,1.0,1.0,South East,False,,2016-02-25,2.7,Northern,Private Limited,1.0,0,0,2017,100,,100,,100,,,,,,,,,,,,0,30300.0,1,2022-03-30,1,26427.0,2018,2018,0.0,1,,
09945751,Cohort B,2018-11-01,2018,24130.0,AI & Data Economy,Micro/small,Micro/Small,Yes,Feasibility Studies,0.0,1.0,1.0,South West,False,,2016-11-01,2.0,Yorks & Humberside,Private Limited,1.0,0,0,2017,1,,1,,1,,,,,,,,,,,,0,71111.0,1,2023-01-03,1,24130.0,2018,2018,0.0,1,0.0,0.0
09942554,Cohort B,2018-11-01,2018,14483.0,AI & Data Economy,Micro/small,Micro/Small,No,Feasibility Studies,0.0,1.0,1.0,South East,False,,2016-08-01,2.3,South Eastern,Private Limited,1.0,2,0,2017,297749,-121155.0,310084,-2467.0,188929,12335.0,,,,-123622.0,186462.0,2.458,0.3986726177422892,176594.0,,,0,62012.0,0,2026-03-30,1,14483.0,2018,2018,0.0,1,,
05741080,Cohort B,2018-11-01,2018,41759.0,AI & Data Economy,Micro/small,Micro/Small,Yes,Feasibility Studies,0.0,1.0,1.0,London,False,,2006-03-13,12.6,London Inner,Private Limited,1.0,2,0,2017,231231,-74403.0,234668,,160265,3437.0,,,,-74403.0,160265.0,3.108,0.3170564371793342,156828.0,,,0,72190.0,0,2025-12-18,1,41759.0,2018,2018,0.0,1,,
10156422,Cohort A,2018-11-15,2018,8825.0,,,,,,,,,,False,0.0,2016-04-29,2.5,,Charitable organization,1.0,6,0,2017,3080,-477.0,5668,,5191,2588.0,48781.0,5191.0,,-477.0,6145.0,-6.46,-0.084,3557.0,0.106,0.916,0,85520.0,0,2026-05-30,3,56320.0,2018,2021,,1,,
08534643,Cohort A,2018-11-19,2018,42500.0,,,,,,,,,,False,0.0,2013-05-17,5.5,,Charitable organization,1.0,11,0,2017,449055,-281408.0,632957,,351549,183902.0,1452169.0,127607.0,26410.0,-281408.0,914365.0,-1.6,-0.445,730463.0,0.088,0.202,0,85520.0,0,2026-02-18,1,42500.0,2018,2018,,1,,
06632306,Cohort A,2018-11-22,2018,13872.0,,,,,,,,,,False,0.0,2008-06-27,10.4,,Charitable organization,1.0,8,0,2017,159008,-11839.0,530809,,518970,371801.0,300743.0,15338.0,-258.0,-11839.0,542648.0,-13.43,-0.02567999999999983,170847.0,0.051,0.029,0,90040.0,0,2025-12-05,1,13872.0,2018,2018,,1,,
10287897,Cohort A,2018-11-28,2018,29750.0,,,,,,,,,,False,1.0,2016-07-20,2.4,,Private Limited,1.0,2,0,2017,2700,-15800.0,2700,,-13100,,,,,-15800.0,18500.0,-0.17,-5.852,18500.0,,,0,59111.0,0,2026-02-25,1,29750.0,2018,2018,,1,,
10099310,Cohort A,2018-11-29,2018,15000.0,,,,,,,,,,False,0.0,2016-04-04,2.7,,Guarantee,1.0,0,0,2017,250,,23250,,23250,23000.0,,,,,,,,,,,0,90030.0,1,2020-12-31,1,15000.0,2018,2018,,0,,
08821499,Cohort C,2018-12-01,2018,612691.93,Clean Growth & Infrastructure,Medium,Medium,No,Collaborative R&D,0.0,1.0,1.0,North West,False,,2013-12-19,5.0,London Inner,Private Limited,1.0,0,0,2017,11234563,-13116698.0,14736363,-471581.0,1619665,3501800.0,20924291.0,-3637620.0,1342028.0,-13588279.0,1148084.0,0.857,0.9220917671477012,-1882135.0,-0.174,-0.247,0,9100.0,1,2020-12-24,1,612691.93,2018,2018,0.0,0,,
02459166,Cohort C,2018-12-01,2018,170014.6,Clean Growth & Infrastructure,Micro/small,Micro/Small,Yes,Collaborative R&D,0.0,1.0,1.0,East of England,False,,1990-12-01,28.0,Eastern,Private Limited,1.0,4,0,2017,575425,-481134.0,791313,,310178,215888.0,,,16685.0,-481134.0,310179.0,1.196,0.6080198353875141,94291.0,,,0,32990.0,0,2025-09-29,1,170014.6,2018,2018,0.0,1,,
09829052,Cohort C,2018-12-01,2018,989282.0,Clean Growth & Infrastructure,Micro/small,Micro/Small,No,Collaborative R&D,0.0,1.0,1.0,North West,False,,2015-10-16,3.1,London Inner,Private Limited,1.0,0,0,2017,265041,-236412.0,265041,,28629,,,,34801.0,-236412.0,28629.0,1.121,0.8919827498387042,28629.0,,,0,9100.0,1,2023-03-16,1,989282.0,2018,2018,0.0,1,,
05163752,Cohort A,2018-12-05,2018,38000.0,,,,,,,,,,False,1.0,2004-06-25,14.4,,Guarantee,1.0,8,0,2017,33099,-24150.0,33099,,8949,,61179.0,-29.0,,-24150.0,57249.0,-1.37,-0.73,57249.0,0.0,-0.001,0,85520.0,0,2026-05-27,1,38000.0,2018,2018,,1,,
08863338,Cohort A,2018-12-05,2018,14500.0,,,,,,,,,,False,0.0,2014-01-27,4.9,,Guarantee,1.0,1,0,2017,65534,-13910.0,66188,,52278,654.0,,,,-13910.0,80098.0,-4.71,-0.21,79444.0,,,0,96090.0,0,2025-12-14,3,58400.0,2018,2019,,1,,
04193798,Cohort A,2018-12-05,2018,35000.0,,,,,,,,,,False,1.0,2001-04-04,17.7,,Guarantee,1.0,5,0,2017,44081,-16080.0,44081,,28001,,,,,-16080.0,60161.0,-2.74,-0.365,60161.0,,,0,96090.0,0,2026-03-24,1,35000.0,2018,2018,,1,,
04253902,Cohort A,2018-12-05,2018,49500.0,,,,,,,,,,False,0.0,2001-07-17,17.4,,Charitable organization,1.0,8,0,2017,64233,-7013.0,64233,,57220,,,,,-7013.0,71246.0,-9.16,-0.109,71246.0,,,0,85520.0,0,2025-12-04,1,49500.0,2018,2018,,1,,
04921852,Cohort A,2018-12-11,2018,11330.0,,,,,,,,,,False,0.0,2003-10-06,15.2,,Charitable organization,1.0,7,0,2017,844970,-75892.0,863847,,787955,18877.0,641718.0,-669753.0,-78469.0,-75892.0,939739.0,-11.13,-0.088,920862.0,-1.044,-0.775,0,85200.0,0,2026-06-03,1,11330.0,2018,2018,,1,,
07946940,Cohort A,2018-12-12,2018,5125.0,,,,,,,,,,False,1.0,2012-02-13,6.8,,Private Limited,1.0,1,0,2017,3530,-3326.0,3530,,204,,,,1000.0,-3326.0,6856.0,-1.06,-0.942,6856.0,,,0,59111.0,0,2025-11-14,1,5125.0,2018,2018,,1,,
03015984,Cohort A,2018-12-18,2018,50000.0,,,,,,,,,,False,0.0,1995-01-30,23.9,,Charitable organization,1.0,5,0,2017,77124,-60139.0,77124,,16985,,,,,-60139.0,137263.0,-1.28,-0.78,137263.0,,,0,90010.0,0,2025-12-12,1,50000.0,2018,2018,,1,,
01808488,Cohort A,2018-12-18,2018,30870.0,,,,,,,,,,False,0.0,1984-04-12,34.7,,Charitable organization,1.0,14,0,2017,708967,-643451.0,714069,,70618,5102.0,2845412.0,-41790.0,312195.0,-643451.0,1357520.0,-1.1,-0.901,1352418.0,-0.015,-0.059,0,90010.0,0,2026-01-30,1,30870.0,2018,2018,,1,,
07268536,Cohort A,2018-12-19,2018,26000.0,,,,,,,,,,False,1.0,2010-05-28,8.6,,Private Limited,1.0,1,0,2017,30531,-52204.0,30531,,-21673,,,,,-52204.0,82735.0,-0.58,-1.71,82735.0,,,0,59111.0,0,2025-09-29,1,26000.0,2018,2018,,1,,
09296617,Cohort A,2018-12-19,2018,3813.0,,,,,,,,,,False,0.0,2014-11-05,4.1,,Private Limited,1.0,3,0,2017,1349769,-1235407.0,1349769,,114362,,,,,-1235407.0,2585176.0,-1.09,-0.915,2585176.0,,,0,59131.0,0,2025-08-27,2,14993.0,2018,2019,,1,,
05292793,Cohort B,2019-01-01,2019,238730.0,AI & Data Economy,Medium,Medium,No,Collaborative R&D,0.0,1.0,1.0,North West,False,,2004-11-22,14.1,North West,Charitable organization,1.0,20,0,2018,4590596,-1314374.0,4638446,,3324072,47850.0,6815778.0,2334704.0,-353648.0,-1314374.0,3324072.0,3.493,0.2833651615217683,3276222.0,0.343,0.503,0,90010.0,0,2026-01-09,1,238730.0,2019,2019,0.0,1,0.0,0.0
00799297,Cohort B,2019-01-01,2019,5987.0,AI & Data Economy,Medium,Medium,No,Collaborative R&D,0.0,1.0,1.0,London,False,,1964-02-04,54.9,London Inner,Charitable organization,1.0,16,0,2018,3472365,-1532348.0,4263089,,2730741,790724.0,10041485.0,1129117.0,-311046.0,-1532348.0,2730741.0,2.266,0.3594454631371759,1940017.0,0.112,0.265,0,90010.0,0,2026-02-24,1,5987.0,2019,2019,0.0,1,0.0,0.0
04547069,Cohort B,2019-01-01,2019,39882.0,AI & Data Economy,Micro/small,Micro/Small,No,Collaborative R&D,0.0,1.0,1.0,London,False,,2002-09-27,16.3,London Outer,Charitable organization,1.0,8,0,2018,1121262,-132441.0,1121262,,988821,,2101883.0,-82517.0,-15100.0,-132441.0,988821.0,8.466,0.1181177994081669,988821.0,-0.039,-0.074,0,90010.0,0,2026-02-11,1,39882.0,2019,2019,0.0,1,,
09302561,Cohort B,2019-01-01,2019,657571.0,AI & Data Economy,Micro/small,Micro/Small,No,Collaborative R&D,1.0,3.0,1.0,London,False,,2014-10-11,4.2,London Inner,Private Limited,1.0,6,0,2018,3979890,-342141.0,3989457,,3647316,9567.0,,,26814.0,-342141.0,3647316.0,11.632,0.08576129533417706,3637749.0,,,0,90030.0,0,2025-12-24,1,657571.0,2019,2019,1.0,1,1.0,1.0
07565292,Cohort B,2019-01-01,2019,165430.0,AI & Data Economy,Micro/small,Micro/Small,No,Collaborative R&D,1.0,2.0,1.0,London,False,,2011-03-15,7.8,London Inner,Private Limited,1.0,2,0,2018,50758,-50658.0,50758,,100,,59525.0,18184.0,,-50658.0,100.0,1.002,0.9980298672130502,100.0,0.305,0.358,1,59112.0,0,2026-02-06,1,165430.0,2019,2019,1.0,1,0.0,1.0
01546033,Cohort B,2019-01-01,2019,411431.0,AI & Data Economy,Micro,Micro,No,Collaborative R&D,1.0,2.0,1.0,London,False,,1981-02-17,37.9,London Inner,Charitable organization,1.0,10,0,2018,3005412,-1136296.0,7485699,,6349403,4480287.0,6822037.0,303486.0,143404.0,-1136296.0,6349403.0,2.645,0.1517955771398236,1869116.0,0.044,0.041,0,90010.0,0,2025-10-04,1,411431.0,2019,2019,1.0,1,,
10242740,Cohort B,2019-01-01,2019,3615522.0,AI & Data Economy,Micro,Micro,Yes,Collaborative R&D,1.0,3.0,1.0,London,False,,2016-06-21,2.5,London Inner,Private Limited,1.0,0,0,2018,266539,-115282.0,275793,,160511,9254.0,,,3586.0,-115282.0,160511.0,2.312,0.4180019072275221,151257.0,,,0,82990.0,1,2023-04-27,1,3615522.0,2019,2019,1.0,1,0.0,1.0
09755888,Cohort B,2019-01-01,2019,472024.7,AI & Data Economy,Micro/small,Micro/Small,No,Collaborative R&D,1.0,4.0,1.0,South East,False,,2015-01-09,4.0,Southern,Private Limited,1.0,2,0,2018,67940,-43435.0,79482,-1100.0,36047,11542.0,,,,-44535.0,34947.0,1.564,0.5603155431418434,24505.0,,,0,62012.0,0,2025-09-29,1,472024.7,2019,2019,1.0,1,0.0,1.0
07680684,Cohort B,2019-01-01,2019,554261.0,AI & Data Economy,Micro/small,Micro/Small,No,Collaborative R&D,1.0,3.0,1.0,East of England,False,,2011-06-23,7.5,Southern,Private Limited,1.0,5,0,2018,544463,-713783.0,768373,-34524.0,51270,223910.0,,,100230.0,-748307.0,20066.0,0.763,0.9738850792518737,-169320.0,,,0,59112.0,0,2024-09-27,1,554261.0,2019,2019,1.0,1,,
07178897,Cohort B,2019-01-01,2019,859968.0,AI & Data Economy,Medium,Medium,No,Collaborative R&D,1.0,2.0,1.0,London,False,,2010-04-03,8.7,London Inner,Private Limited,1.0,3,0,2018,4576298,-1858959.0,4748285,,2889326,171987.0,7475685.0,164955.0,-54879.0,-1858959.0,2889326.0,2.462,0.3915011419912663,2717339.0,0.022,0.035,1,62012.0,0,2025-10-15,1,859968.0,2019,2019,1.0,1,0.0,1.0
06840456,Cohort B,2019-01-01,2019,624218.0,AI & Data Economy,Micro/small,Micro/Small,No,Collaborative R&D,1.0,5.0,1.0,Wales,False,,2009-09-03,9.3,Wales,Private Limited,1.0,2,0,2018,90638,-63727.0,131750,-8250.0,34438,41112.0,230099.0,29408.0,-15941.0,-71977.0,59773.0,1.422,0.546314990512334,26911.0,0.128,0.223,0,73110.0,0,2025-10-14,1,624218.0,2019,2019,1.0,1,0.0,1.0
10185630,Cohort B,2019-01-01,2019,714734.3,AI & Data Economy,Micro/small,Micro/Small,Yes,Collaborative R&D,1.0,2.0,1.0,Wales,False,,2016-05-18,2.6,London Inner,Private Limited,1.0,3,0,2018,130008,-37458.0,142008,-330000.0,104550,12000.0,,,,-367458.0,-225450.0,3.471,2.587586614838601,92550.0,,,0,62011.0,0,2026-03-19,1,714734.3,2019,2019,1.0,1,,
10757456,Cohort B,2019-01-01,2019,50006.0,AI & Data Economy,Micro,Micro,Yes,Collaborative R&D,1.0,3.0,1.0,London,False,,2017-08-05,1.4,London Inner,Private Limited,1.0,5,0,2018,92112,-5021.0,92112,,87091,,,,,-5021.0,87091.0,18.345,0.05450972728851833,87091.0,,,0,64191.0,0,2025-09-10,1,50006.0,2019,2019,1.0,1,0.0,1.0
SC254783,Cohort A,2019-01-08,2019,6370.0,,,,,,,,,,False,0.0,2003-08-26,15.4,,Private Limited,1.0,1,0,2018,22848,-3281.0,22848,,19567,,,,,-3281.0,26129.0,-6.96,-0.144,26129.0,,,0,82990.0,0,2025-10-30,1,6370.0,2019,2019,,1,,
06481717,Cohort A,2019-01-16,2019,11250.0,,,,,,,,,,False,1.0,2008-01-23,11.0,,Private Limited,1.0,2,0,2018,1761932,-1278214.0,3086784,,483820,1324852.0,,,381400.0,-1278214.0,4364998.0,-1.38,-0.414,3040146.0,,,0,59111.0,0,2025-12-01,2,36250.0,2019,2020,,1,,
08106114,Cohort A,2019-01-24,2019,80000.0,,,,,,,,,,False,0.0,2012-06-14,6.6,,Guarantee,1.0,0,0,2018,5021,-1284.0,5021,,3737,,,,,-1284.0,6305.0,-3.91,-0.256,6305.0,,,0,90020.0,1,2024-12-20,2,86648.0,2019,2021,,1,,
10639226,Cohort A,2019-01-29,2019,3650.0,,,,,,,,,,False,0.0,2017-02-25,1.9,,Guarantee,1.0,2,0,2018,1471,-462.0,1471,-998.0,1009,,1650.0,13.0,,-1460.0,2931.0,-3.18,-0.993,1933.0,0.008,0.009,0,90030.0,0,2026-03-21,1,3650.0,2019,2019,,1,,
OC311818,Cohort B,2019-02-01,2019,200916.0,AI & Data Economy,Micro/small,Micro/Small,Yes,Collaborative R&D,1.0,2.0,1.0,South East,False,,2005-02-23,13.9,Southern,Limited Liability Partnership,1.0,3,0,2018,1708215,-356060.0,1774474,-968414.0,1418414,66259.0,,,15167.0,-1324474.0,450000.0,4.798,0.746403723018765,1352155.0,,,0,,0,2025-12-18,1,200916.0,2019,2019,1.0,1,,
09220332,Cohort B,2019-02-01,2019,262325.0,AI & Data Economy,Micro/small,Micro/Small,Yes,Collaborative R&D,1.0,2.0,1.0,London,False,,2014-09-16,4.4,South Eastern,Private Limited,1.0,4,0,2018,32443,-108160.0,35464,,-72716,3021.0,,,-1660.0,-108160.0,-72696.0,0.3,3.049853372434018,-75717.0,,,0,63990.0,0,2025-08-18,1,262325.0,2019,2019,1.0,1,0.0,1.0
10629106,Cohort B,2019-02-01,2019,111864.2,AI & Data Economy,Micro,Micro,Yes,Collaborative R&D,1.0,2.0,1.0,North West,False,,2017-02-20,1.9,North West,Private Limited,1.0,0,0,2018,24159,-10418.0,26201,-190.0,15783,2042.0,,,,-10608.0,15593.0,2.319,0.4048700431281249,13741.0,,,0,62090.0,1,2024-04-25,1,111864.2,2019,2019,1.0,1,1.0,1.0
10732703,Cohort B,2019-02-01,2019,198426.0,AI & Data Economy,Micro,Micro,Yes,Collaborative R&D,1.0,2.0,1.0,South East,False,,2017-04-20,1.8,London Inner,Private Limited,1.0,3,0,2018,59823,-3336.0,59823,-940.0,56487,,,,,-4276.0,55547.0,17.933,0.07147752536649783,56487.0,,,0,62012.0,0,2025-11-10,1,198426.0,2019,2019,1.0,1,0.0,1.0
OC381549,Cohort B,2019-02-01,2019,93703.0,AI & Data Economy,Micro,Micro,No,Collaborative R&D,0.0,1.0,1.0,London,False,,2013-11-01,5.3,London Inner,Limited Liability Partnership,1.0,10,0,2018,2304392,-195212.0,2348142,-8866414.0,2152930,43750.0,,,-126596.0,-9061626.0,-6713484.0,11.805,3.859062186188059,2109180.0,,,0,,0,2025-09-30,1,93703.0,2019,2019,0.0,1,0.0,0.0
OC407592,Cohort B,2019-02-01,2019,173485.9,AI & Data Economy,Micro,Micro,Yes,Collaborative R&D,1.0,3.0,1.0,Wales,False,,2016-01-04,3.1,Wales,Limited Liability Partnership,1.0,4,0,2018,20105,,20105,-20005.0,20105,,,,,,,,,,,,0,,0,2025-12-30,1,173485.9,2019,2019,1.0,1,0.0,1.0
05693466,Cohort B,2019-02-01,2019,10152.0,AI & Data Economy,Micro/small,Micro/Small,Yes,Feasibility Studies,0.0,1.0,1.0,Yorkshire and The Humber,False,,2006-01-31,13.0,Yorks & Humberside,Private Limited,1.0,1,0,2018,44436,-61566.0,44436,,-17130,,89288.0,-31932.0,8279.0,-61566.0,-17130.0,0.722,1.385498244666487,-17130.0,-0.358,-0.719,0,62012.0,0,2026-04-29,1,10152.0,2019,2019,0.0,1,0.0,0.0
05097052,Cohort C,2019-02-01,2019,40072.0,Clean Growth & Infrastructure,Micro/small,Micro/Small,Yes,Collaborative R&D,1.0,5.0,1.0,South East,False,,2004-06-04,14.7,Southern,Private Limited,1.0,1,0,2018,20956,-12421.0,21459,,9038,503.0,,,,-12421.0,9038.0,1.687,0.5788247355421967,8535.0,,,0,74901.0,0,2026-04-20,1,40072.0,2019,2019,1.0,1,,
11251050,Cohort C,2019-02-01,2019,20131.0,Clean Growth & Infrastructure,Micro/small,Micro/Small,No,Collaborative R&D,1.0,10.0,1.0,North West,False,,2018-12-03,0.2,North West,Private Limited,1.0,2,0,2018,5657,-5634.0,5657,,23,,,,,-5634.0,23.0,1.004,0.9959342407636557,23.0,,,0,62012.0,0,2025-09-30,1,20131.0,2019,2019,1.0,1,,
10517275,Cohort A,2019-02-07,2019,49945.0,,,,,,,,,,False,0.0,2016-12-08,2.2,,Private Limited,1.0,2,0,2018,139574,-47568.0,150066,,102498,10492.0,,,-1197.0,-47568.0,197634.0,-2.93,-0.317,187142.0,,,0,59112.0,0,2025-02-26,4,80705.0,2019,2022,,1,,
09922943,Cohort B,2019-03-01,2019,195644.0,AI & Data Economy,Micro,Micro,Yes,Collaborative R&D,1.0,2.0,1.0,South East,False,,2015-12-18,3.2,London Inner,Private Limited,1.0,1,0,2018,23689,-73758.0,90564,,-50069,66875.0,,,25427.0,-73758.0,16806.0,0.321,0.81442957466543,-50069.0,,,1,70210.0,0,2025-09-26,1,195644.0,2019,2019,1.0,1,0.0,1.0
11121048,Cohort B,2019-03-01,2019,192705.8,AI & Data Economy,Micro/small,Micro/Small,No,Collaborative R&D,1.0,3.0,1.0,London,False,,2017-12-21,1.2,London Inner,Private Limited,1.0,0,0,2018,390911,-347587.0,390911,,43324,,,,,-347587.0,43324.0,1.125,0.8891717040451663,43324.0,,,1,62020.0,1,2023-02-01,1,192705.8,2019,2019,1.0,1,0.0,1.0
OC310010,Cohort B,2019-03-01,2019,164410.0,AI & Data Economy,Medium,Medium,Yes,Collaborative R&D,0.0,1.0,1.0,London,False,,2004-11-15,14.3,London Inner,Limited Liability Partnership,1.0,30,0,2018,10048811,-2269241.0,10552243,-8283002.0,8283002,503432.0,16747440.0,,41339.0,-10552243.0,0.0,4.428,1.0,7779570.0,,,0,,0,2025-12-11,1,164410.0,2019,2019,0.0,1,0.0,0.0
10853421,Cohort B,2019-03-01,2019,139827.0,AI & Data Economy,Micro,Micro,Yes,Collaborative R&D,1.0,2.0,1.0,London,False,,2017-06-07,1.7,Southern,Private Limited,1.0,0,0,2018,78469,-24824.0,79618,-162100.0,54794,1149.0,,,,-186924.0,-107306.0,3.161,2.347760556658042,53645.0,,,0,62020.0,1,2022-03-08,1,139827.0,2019,2019,1.0,1,1.0,1.0
10006744,Cohort B,2019-03-01,2019,140413.0,AI & Data Economy,Micro/small,Micro/Small,Yes,Collaborative R&D,0.0,1.0,1.0,East of England,False,,2016-02-16,3.0,North West,Private Limited,1.0,0,0,2018,1535792,-78054.0,1546011,,1467957,10219.0,,,21177.0,-78054.0,1467957.0,19.676,0.05048735099556213,1457738.0,,,1,62012.0,1,2024-03-26,1,140413.0,2019,2019,0.0,1,1.0,0.0
08501521,Cohort B,2019-03-01,2019,206209.5,AI & Data Economy,Micro/small,Micro/Small,No,Collaborative R&D,0.0,1.0,1.0,North West,False,,2013-04-24,5.9,North West,Private Limited,1.0,4,0,2018,208135,-7725.0,601392,,206662,393257.0,,,,-7725.0,593667.0,26.943,0.01284519913799984,200410.0,,,0,71129.0,0,2025-12-31,1,206209.5,2019,2019,0.0,1,,
03973694,Cohort A,2019-03-27,2019,15000.0,,,,,,,,,,False,0.0,2000-04-14,18.9,,Private Limited,1.0,2,0,2018,83404,-10883.0,85287,-7785.0,74404,1883.0,,,,-18668.0,103955.0,-7.66,-0.219,94287.0,,,0,93290.0,0,2026-01-28,2,59760.0,2019,2021,,1,,
10842340,Cohort B,2019-04-01,2019,108369.3,AI & Data Economy,Micro/small,Micro/Small,No,Collaborative R&D,1.0,6.0,1.0,London,False,,2017-06-29,1.8,London Inner,Private Limited,1.0,3,0,2018,150,-12160.0,150,,-12010,,,,,-12160.0,-12010.0,0.012,81.06666666666666,-12010.0,,,0,62090.0,0,2026-06-02,1,108369.3,2019,2019,1.0,1,0.0,1.0
11080520,Cohort B,2019-04-01,2019,785819.0,AI & Data Economy,Micro/small,Micro/Small,Yes,Collaborative R&D,1.0,3.0,1.0,East of England,False,,2017-11-23,1.4,London Inner,Private Limited,1.0,2,0,2018,1115149,-103504.0,1116177,,1012673,1028.0,,,,-103504.0,1012673.0,10.774,0.0927308124069928,1011645.0,,,0,62012.0,0,2026-04-02,1,785819.0,2019,2019,1.0,1,0.0,1.0
05144546,Cohort B,2019-04-01,2019,53013.6,AI & Data Economy,Medium,Medium,No,Collaborative R&D,0.0,1.0,1.0,London,False,,2004-03-06,15.1,London Inner,Private Limited,1.0,2,0,2018,2260566,-2285862.0,3665367,-23018.0,1227044,1404801.0,,,294382.0,-2308880.0,1356487.0,0.989,0.6299178226900608,-25296.0,,,0,82990.0,0,2025-07-08,1,53013.6,2019,2019,0.0,1,,
07446928,Cohort B,2019-04-01,2019,130418.0,AI & Data Economy,Micro/small,Micro/Small,Yes,Collaborative R&D,0.0,1.0,1.0,South East,False,,2010-11-22,8.4,London Inner,Private Limited,1.0,1,0,2018,20201,,20520,,20520,319.0,,,,,,,,,,,0,59112.0,0,2026-02-17,1,130418.0,2019,2019,0.0,1,,
04199267,Cohort B,2019-04-01,2019,122845.8,AI & Data Economy,Micro/small,Micro/Small,No,Collaborative R&D,0.0,1.0,1.0,East of England,False,,2001-12-04,17.3,Southern,Private Limited,1.0,2,0,2018,981099,-4716.0,2133307,,2128591,1152208.0,,,,-4716.0,2128591.0,118.0751599999997,0.01126270567502376,976383.0,,,0,68209.0,0,2025-11-26,1,122845.8,2019,2019,0.0,1,0.0,0.0
07253292,Cohort B,2019-04-01,2019,60603.0,AI & Data Economy,Micro/small,Micro/Small,No,Collaborative R&D,0.0,1.0,1.0,London,False,,2010-05-13,8.9,London Outer,Private Limited,1.0,1,0,2018,31252,-10371.0,31252,-20460.0,20881,,,,,-30831.0,421.0,3.013,0.9865288621528222,20881.0,,,0,82990.0,0,2026-01-27,1,60603.0,2019,2019,0.0,1,0.0,0.0
08768653,Cohort B,2019-04-01,2019,60821.0,AI & Data Economy,Micro/small,Micro/Small,Yes,Collaborative R&D,0.0,1.0,1.0,London,False,,2013-11-11,5.4,London Inner,Private Limited,1.0,1,0,2018,107354,-1952.0,107354,,105402,,,,,-1952.0,105402.0,54.997,0.01818283436108575,105402.0,,,0,59113.0,0,2025-09-30,1,60821.0,2019,2019,0.0,1,,
07390770,Cohort B,2019-04-01,2019,104740.0,AI & Data Economy,Micro/small,Micro/Small,No,Collaborative R&D,0.0,1.0,1.0,North West,False,,2010-09-29,8.5,North West,Private Limited,1.0,1,0,2018,21586,-16383.0,24386,-10.0,8003,2800.0,,,,-16393.0,7993.0,1.318,0.6722299680144345,5203.0,,,0,90030.0,0,2025-01-10,1,104740.0,2019,2019,0.0,1,0.0,0.0
SC529826,Cohort B,2019-04-01,2019,123051.6,AI & Data Economy,Micro/small,Micro/Small,Yes,Collaborative R&D,1.0,3.0,1.0,Scotland,False,,2016-03-16,3.0,Scotland,Private Limited,1.0,2,0,2018,481,-13507.0,2032,,-11475,1551.0,,,,-13507.0,-11475.0,0.036,6.647145669291339,-13026.0,,,0,58290.0,0,2025-10-23,1,123051.6,2019,2019,1.0,1,,
05135548,Cohort B,2019-04-01,2019,95821.6,AI & Data Economy,Micro/small,Micro/Small,No,Collaborative R&D,0.0,1.0,1.0,Yorkshire and The Humber,False,,2004-05-24,14.9,London Inner,Private Limited,1.0,5,0,2018,85306,-72128.0,106558,-4411.0,19066,21252.0,,,16972.0,-76539.0,30019.0,1.183,0.7182848777191764,13178.0,,,1,82990.0,0,2025-08-28,1,95821.6,2019,2019,0.0,1,0.0,0.0
10877981,Cohort B,2019-04-01,2019,377044.0,AI & Data Economy,Micro/small,Micro/Small,Yes,Collaborative R&D,1.0,4.0,1.0,East Midlands,False,,2017-07-21,1.7,South Western,Private Limited,1.0,0,0,2018,64996,-13494.0,64996,,51502,,,,,-13494.0,51502.0,4.817,0.2076127761708413,51502.0,,,0,59112.0,1,2024-05-07,1,377044.0,2019,2019,1.0,1,,
08031953,Cohort B,2019-04-01,2019,287938.0,AI & Data Economy,Micro/small,Micro/Small,Yes,Collaborative R&D,1.0,2.0,1.0,West Midlands,False,,2012-04-16,7.0,Eastern,Private Limited,1.0,0,0,2018,107529,-113902.0,200367,-60069.0,86465,92838.0,,,,-173971.0,26396.0,0.944,0.8682617397076365,-6373.0,,,0,62090.0,1,2022-07-28,1,287938.0,2019,2019,1.0,1,0.0,1.0
10579464,Cohort B,2019-04-01,2019,195202.7,AI & Data Economy,Micro/small,Micro/Small,No,Collaborative R&D,0.0,1.0,1.0,London,False,,2017-01-24,2.2,London Inner,Private Limited,1.0,0,0,2018,2,-667.0,2,,-665,,,,,-667.0,-665.0,0.003720000000000001,99.92661149825797,-665.0,,,0,82990.0,1,2020-09-11,1,195202.7,2019,2019,0.0,1,,
10530804,Cohort B,2019-04-01,2019,80391.0,AI & Data Economy,Micro/small,Micro/Small,No,Collaborative R&D,0.0,1.0,1.0,London,False,,2016-12-17,2.3,Eastern,Private Limited,1.0,3,0,2018,210842,-637477.0,222466,-2208.0,-415011,11624.0,,,,-639685.0,-417219.0,0.331,2.875428155313621,-426635.0,,,0,62011.0,0,2026-03-31,1,80391.0,2019,2019,0.0,1,0.0,0.0
05969256,Cohort B,2019-04-01,2019,15245.0,AI & Data Economy,Medium,Medium,Yes,Feasibility Studies,0.0,1.0,1.0,South East,False,,2006-10-17,12.5,Southern,Guarantee,0.0,16,0,2018,44486000,-11182000.0,216534000,-63589000.0,205177000,172048000.0,78983000.0,2017000.0,421000.0,-74771000.0,141763000.0,3.978,0.3453083580407696,33304000.0,0.026,0.009,0,85421.0,0,2025-12-15,1,15245.0,2019,2019,0.0,1,0.0,0.0
10923911,Cohort C,2019-04-01,2019,1348367.01,Clean Growth & Infrastructure,Micro/small,Micro/Small,No,Collaborative R&D,1.0,2.0,1.0,London,False,,2017-08-21,1.6,London Inner,Private Limited,1.0,8,0,2018,234937,-25039.0,241272,,216233,6335.0,,,,-25039.0,216233.0,9.383,0.1037791372392984,209898.0,,,0,62012.0,0,2025-12-23,1,1348367.01,2019,2019,1.0,1,,
08166502,Cohort C,2019-04-01,2019,518150.0,Clean Growth & Infrastructure,Micro/small,Micro/Small,No,Collaborative R&D,1.0,3.0,1.0,South West,False,,2012-02-08,7.1,South Western,Private Limited,1.0,4,0,2018,3205461,-3098785.0,3205461,,106676,,,,651987.0,-3098785.0,106676.0,1.034,0.9667205434725301,106676.0,,,0,43220.0,0,2026-01-30,1,518150.0,2019,2019,1.0,1,,
02231246,Cohort B,2019-05-01,2019,0.0,AI & Data Economy,Medium,Medium,No,Collaborative R&D,0.0,1.0,1.0,North East,False,,1988-03-16,31.1,Northern,"Public, Quoted",0.0,11,0,2018,849000000,-1005000000.0,3317000000,-985000000.0,44000000,2468000000.0,1846000000.0,398000000.0,-9000000.0,-1990000000.0,1327000000.0,0.845,0.5999397045523063,-156000000.0,0.216,0.12,0,70100.0,0,2026-02-13,1,0.0,2019,2019,0.0,1,0.0,1.0
07350999,Cohort B,2019-05-01,2019,96947.9,AI & Data Economy,Micro/small,Micro/Small,Yes,Collaborative R&D,0.0,1.0,1.0,North East,False,,2010-08-19,8.7,North West,Private Limited,1.0,0,0,2018,52731,-33285.0,55209,-70726.0,21924,2478.0,,,,-104011.0,-48802.0,1.584,1.8839500806028,19446.0,,,0,59111.0,1,2024-11-13,1,96947.9,2019,2019,0.0,1,,
03505409,Cohort B,2019-05-01,2019,71166.0,AI & Data Economy,Micro/small,Micro/Small,No,Collaborative R&D,0.0,1.0,1.0,London,False,,1998-05-02,21.0,London Outer,Private Limited,1.0,1,0,2018,436960,-139568.0,545743,-18089.0,406175,108783.0,1639294.0,-45572.0,-3187.0,-157657.0,388086.0,3.131,0.2888850612834246,297392.0,-0.028,-0.084,0,82990.0,0,2025-12-05,1,71166.0,2019,2019,0.0,1,,
02924619,Cohort B,2019-05-01,2019,20912.0,AI & Data Economy,Medium,Medium,No,Collaborative R&D,1.0,2.0,1.0,London,False,,1994-03-05,25.2,London Inner,Private Limited,1.0,4,0,2018,1597783,-1800177.0,2126698,-83672.0,326521,528915.0,,,46235.0,-1883849.0,242849.0,0.888,0.8858093626833711,-202394.0,,,0,82990.0,0,2025-06-30,1,20912.0,2019,2019,1.0,1,,
09903428,Cohort B,2019-05-01,2019,321492.0,AI & Data Economy,Micro,Micro,Yes,Collaborative R&D,1.0,4.0,1.0,East of England,False,,2015-04-12,4.1,London Inner,Private Limited,1.0,3,0,2018,1801250,-229770.0,2365222,,1634608,563972.0,,,79711.0,-229770.0,2135452.0,7.839,0.09714521512145582,1571480.0,,,0,71112.0,0,2025-05-15,1,321492.0,2019,2019,1.0,1,,
06430335,Cohort A,2019-05-08,2019,14970.0,,,,,,,,,,False,0.0,2007-11-19,11.5,,Guarantee,1.0,2,0,2018,1728,-2669.0,2128,,-541,400.0,,,,-2669.0,4797.0,-0.65,-1.254,4397.0,,,0,96090.0,0,2025-08-29,1,14970.0,2019,2019,,1,,
08706547,Cohort B,2019-06-01,2019,47955.0,AI & Data Economy,Micro/small,Micro/Small,No,Collaborative R&D,1.0,2.0,1.0,South West,False,,2013-09-26,5.7,South Western,Private Limited,1.0,1,0,2018,44330,-14903.0,45768,,30865,1438.0,,,,-14903.0,30865.0,2.975,0.3256205208879567,29427.0,,,0,62012.0,0,2026-03-17,1,47955.0,2019,2019,1.0,1,,
01621606,Cohort B,2019-06-01,2019,11254.0,AI & Data Economy,Micro/small,Micro/Small,No,Collaborative R&D,0.0,1.0,1.0,South West,False,,1982-12-03,36.5,London Inner,Private Limited,1.0,2,0,2018,255338,-152941.0,261873,-34618.0,108932,6535.0,,,-1265.0,-187559.0,74314.0,1.67,0.7162212217372543,102397.0,,,0,81300.0,0,2025-12-22,1,11254.0,2019,2019,0.0,1,,
06409060,Cohort B,2019-07-01,2019,262545.08,AI & Data Economy,Micro/small,Micro/Small,Yes,Collaborative R&D,1.0,6.0,1.0,South East,False,,2007-10-25,11.7,West Midlands,Private Limited,1.0,0,0,2018,103302,-43236.0,849158,,92122,745856.0,,,-77024.0,-43236.0,805922.0,2.389,0.05091631945998271,60066.0,,,0,70229.0,1,2023-05-12,1,262545.08,2019,2019,1.0,1,0.0,1.0
04564021,Cohort B,2019-07-01,2019,106200.0,AI & Data Economy,Micro/small,Micro/Small,No,Collaborative R&D,0.0,1.0,1.0,London,False,,2002-10-16,16.7,London Inner,Private Limited,1.0,2,0,2018,320102,-116504.0,334259,-4938.0,217755,14157.0,,,,-121442.0,212817.0,2.748,0.3633170685007733,203598.0,,,0,90030.0,0,2025-09-05,1,106200.0,2019,2019,0.0,1,,
05875276,Cohort A,2019-07-16,2019,15000.0,,,,,,,,,,False,0.0,2006-07-13,13.0,,Private Limited,1.0,2,0,2018,31796,-94887.0,31796,,-63091,,504701.0,-66382.0,21000.0,-94887.0,126683.0,-0.34,-2.984,126683.0,-0.132,-2.088,0,90020.0,1,2021-01-25,1,15000.0,2019,2019,,1,,
09440902,Cohort A,2019-08-15,2019,8812.5,,,,,,,,,,False,0.0,2015-02-16,4.5,,Private Limited,1.0,2,0,2018,1094429,-771450.0,1094429,,322979,,,,,-771450.0,1865879.0,-1.42,-0.705,1865879.0,,,0,59111.0,0,2026-04-21,1,8812.5,2019,2019,,1,,
08307376,Cohort B,2019-10-01,2019,467930.4,AI & Data Economy,Micro/small,Micro/Small,Yes,Collaborative R&D,1.0,3.0,1.0,South West,False,,2012-11-26,6.8,South Western,Private Limited,1.0,2,0,2018,677331,-213711.0,884617,-199166.0,670906,207286.0,,,,-412877.0,471740.0,3.169,0.4667296694501688,463620.0,,,1,62012.0,0,2026-02-25,1,467930.4,2019,2019,1.0,1,0.0,1.0
10643431,Cohort B,2019-10-01,2019,35984.2,AI & Data Economy,Micro/small,Micro/Small,No,Collaborative R&D,0.0,1.0,1.0,South West,False,,2017-02-28,2.6,South Western,Private Limited,1.0,1,0,2018,24648,-7545.0,29753,-900.0,22208,5105.0,,,,-8445.0,21308.0,3.267,0.2838369240076631,17103.0,,,0,62090.0,0,2026-03-23,1,35984.2,2019,2019,0.0,1,0.0,0.0
09144684,Cohort A,2019-10-16,2019,27450.0,,,,,,,,,,False,1.0,2014-07-23,5.2,,Private Limited,1.0,2,0,2018,57107,-45964.0,62053,-940.0,16089,4946.0,,,5062.0,-46904.0,108957.0,-1.24,-0.756,103071.0,,,0,59112.0,1,2025-04-30,1,27450.0,2019,2019,,1,,
10939938,Cohort A,2019-11-06,2019,7975.0,,,,,,,,,,False,0.0,2017-08-31,2.2,,Guarantee,1.0,2,0,2018,892,,892,,892,,10670.0,892.0,,,,,,,0.084,1.0,0,85520.0,0,2026-05-21,1,7975.0,2019,2019,,1,,
07946499,Cohort A,2019-11-06,2019,29500.0,,,,,,,,,,False,1.0,2012-02-13,7.7,,Private Limited,1.0,3,0,2018,192887,-167176.0,193997,,26821,1110.0,,,4765.0,-167176.0,361173.0,-1.15,-0.862,360063.0,,,0,90030.0,0,2025-09-30,1,29500.0,2019,2019,,1,,
07504334,Cohort B,2019-12-01,2019,642574.0,AI & Data Economy,Micro/small,Micro/Small,No,Collaborative R&D,1.0,2.0,1.0,South West,False,,2011-01-25,8.8,Southern,Private Limited,1.0,2,0,2018,93122,-27355.0,93122,,65767,,,,,-27355.0,65767.0,3.404,0.2937544296729022,65767.0,,,0,62012.0,0,2026-02-27,1,642574.0,2019,2019,1.0,1,,
11032394,Cohort B,2019-12-01,2019,242467.0,AI & Data Economy,Micro/small,Micro/Small,No,Collaborative R&D,0.0,1.0,1.0,London,False,,2017-10-25,2.1,London Inner,Private Limited,1.0,5,0,2018,2712859,-404309.0,2739091,,2334782,26232.0,,,,-404309.0,2334782.0,6.71,0.1476069980880518,2308550.0,,,0,62012.0,0,2026-06-08,1,242467.0,2019,2019,0.0,1,1.0,0.0
11405822,Cohort B,2020-04-01,2020,589070.0,AI & Data Economy,Micro/small,Micro/Small,Yes,Collaborative R&D,0.0,1.0,1.0,London,False,,2018-08-06,1.7,London Inner,Private Limited,1.0,0,0,2019,206323,-249358.0,206323,,-43035,,,,,-249358.0,-43035.0,0.827,1.208580720520737,-43035.0,,,0,62012.0,1,2024-08-30,1,589070.0,2020,2020,0.0,1,,
10103259,Cohort B,2020-04-01,2020,0.0,AI & Data Economy,Micro/small,Micro/Small,No,Collaborative R&D,1.0,2.0,1.0,London,False,,2016-05-04,3.9,London Inner,Private Limited,1.0,2,0,2019,31633399,-58188511.0,39238479,-71939.0,-18950032,7605080.0,13039308.0,-19671983.0,251517.0,-58260450.0,-19021971.0,0.544,1.484778500206392,-26555112.0,-1.509,-0.501,1,71200.0,0,2025-12-20,1,0.0,2020,2020,1.0,1,0.0,1.0
11703539,Cohort B,2020-04-01,2020,518783.4,AI & Data Economy,Micro/small,Micro/Small,Yes,Collaborative R&D,1.0,4.0,1.0,London,False,,2018-11-29,1.3,London Inner,Private Limited,1.0,3,0,2019,172788,-182111.0,338059,,-9323,165271.0,,,,-182111.0,155948.0,0.949,0.5386959081107144,-9323.0,,,0,62020.0,0,2025-06-27,1,518783.4,2020,2020,1.0,1,,
11153557,Cohort B,2020-11-01,2020,185691.0,AI & Data Economy,Micro/small,Micro/Small,No,Collaborative R&D,0.0,1.0,1.0,South West,False,,2018-01-16,2.8,South Western,Private Limited,1.0,4,0,2019,59457,-49707.0,59760,-58.0,10053,303.0,,,,-49765.0,9995.0,1.196,0.8327476572958501,9750.0,,,0,62012.0,0,2025-12-22,1,185691.0,2020,2020,0.0,1,,
09563451,Cohort B,2020-11-01,2020,180940.0,AI & Data Economy,Micro/small,Micro/Small,No,Collaborative R&D,1.0,3.0,1.0,Yorkshire and The Humber,False,,2015-04-27,5.5,Wales,Private Limited,1.0,0,0,2019,15038,-206761.0,15630,,-191131,592.0,,,,-206761.0,-191131.0,0.073,13.22847088931542,-191723.0,,,0,62020.0,1,2024-05-09,1,180940.0,2020,2020,1.0,1,0.0,1.0
01979185,Cohort B,2020-11-01,2020,95365.0,AI & Data Economy,Micro/small,Micro/Small,No,Collaborative R&D,0.0,1.0,1.0,South East,False,,1986-01-17,34.8,Southern,Private Limited,1.0,6,0,2019,1102829,-244046.0,1344020,,1099974,241191.0,,,-46641.0,-244046.0,1099974.0,4.519,0.1815791431675124,858783.0,,,0,72190.0,0,2026-02-27,1,95365.0,2020,2020,0.0,1,,
12293600,Cohort B,2021-04-01,2021,79927.0,AI & Data Economy,Micro/small,Micro/Small,Yes,Collaborative R&D,1.0,2.0,1.0,London,False,,2019-01-11,2.2,Eastern,Private Limited,1.0,2,0,2020,43399,-2439.0,43719,-50612.0,41280,320.0,,,,-53051.0,-9332.0,17.794,1.213454104622704,40960.0,,,0,86220.0,0,2025-07-21,1,79927.0,2021,2021,1.0,1,0.0,1.0
07751121,Cohort B,2021-05-01,2021,54000.0,AI & Data Economy,Micro/small,Micro/Small,Yes,Collaborative R&D,1.0,3.0,1.0,East of England,False,,2011-08-24,9.7,Wales,Private Limited,1.0,2,0,2020,79,-1828.0,79,,-1749,,,,,-1828.0,-1749.0,0.043,23.13924050632911,-1749.0,,,0,62012.0,0,2026-05-27,1,54000.0,2021,2021,1.0,1,,
12438879,Cohort B,2022-01-01,2022,30770.0,AI & Data Economy,Micro/small,Micro/Small,Yes,Feasibility Studies,0.0,1.0,1.0,London,False,,2020-03-02,1.8,London Inner,Private Limited,1.0,1,0,2021,1125,-5019.0,1226,,-3793,101.0,,,,-5019.0,-3793.0,0.224,4.093800978792822,-3894.0,,,0,85520.0,0,2025-10-24,1,30770.0,2022,2022,0.0,1,0.0,0.0
SC422109,Cohort B,2022-01-01,2022,34756.0,AI & Data Economy,Micro/small,Micro/Small,Yes,Feasibility Studies,0.0,1.0,1.0,Scotland,False,,2012-04-18,9.7,Scotland,Private Limited,1.0,3,0,2021,273945,-205229.0,286386,,81157,12441.0,,,,-205229.0,81157.0,1.335,0.7166167340582291,68716.0,,,0,96090.0,0,2025-05-23,1,34756.0,2022,2022,0.0,1,0.0,1.0
13078380,Cohort B,2022-01-01,2022,17924.0,AI & Data Economy,Micro/small,Micro/Small,No,Feasibility Studies,1.0,3.0,1.0,London,False,,2020-11-12,1.1,Eastern,Private Limited,1.0,4,0,2021,416997,-17455.0,422894,,400626,5897.0,,,,-17455.0,405439.0,23.89,0.04127511858763662,399542.0,,,0,62090.0,0,2026-03-24,1,17924.0,2022,2022,1.0,1,0.0,1.0
SC395174,Cohort B,2022-01-01,2022,34740.0,AI & Data Economy,Micro/small,Micro/Small,Yes,Feasibility Studies,0.0,1.0,1.0,Scotland,False,,2011-10-03,10.2,Scotland,Private Limited,1.0,8,0,2021,570192,-485497.0,570192,,84695,,300411.0,74512.0,10800.0,-485497.0,84695.0,1.174,0.8514623144484664,84695.0,0.248,0.131,0,82990.0,0,2025-12-19,1,34740.0,2022,2022,0.0,1,,
10177336,Cohort B,2022-01-01,2022,5842.0,AI & Data Economy,Medium,Medium,No,Feasibility Studies,1.0,2.0,1.0,London,False,,2016-12-05,5.1,London Inner,Private Limited,1.0,1,0,2021,131810,-58443.0,131810,,73367,,48542.0,1190.0,30198.0,-58443.0,73367.0,2.255,0.4433882103027084,73367.0,0.025,0.009,0,74909.0,0,2026-01-16,1,5842.0,2022,2022,1.0,1,,
11780589,Cohort B,2022-01-01,2022,34943.0,AI & Data Economy,Micro/small,Micro/Small,Yes,Feasibility Studies,1.0,2.0,1.0,South West,False,,2019-01-22,2.9,South Western,Private Limited,1.0,2,0,2021,48381,-12250.0,191657,,38002,143276.0,,,-13500.0,-12250.0,179407.0,3.949,0.06391626708129627,36131.0,,,0,62012.0,0,2025-07-01,1,34943.0,2022,2022,1.0,1,1.0,1.0
03229078,Cohort B,2022-01-01,2022,29173.0,AI & Data Economy,Micro/small,Micro/Small,Yes,Feasibility Studies,0.0,1.0,1.0,South West,False,,1996-07-24,25.4,South Western,Charitable organization,1.0,5,0,2021,182478,-42031.0,186897,,144866,4419.0,371713.0,55336.0,4615.0,-42031.0,144866.0,4.342,0.2248885749905028,140447.0,0.149,0.296,0,59140.0,0,2025-12-24,1,29173.0,2022,2022,0.0,1,,
13053573,Cohort B,2022-01-01,2022,34912.0,AI & Data Economy,Micro/small,Micro/Small,Yes,Feasibility Studies,0.0,1.0,1.0,London,False,,2020-01-12,2.0,London Inner,Private Limited,1.0,2,0,2021,59610,-47931.0,59710,,11779,100.0,,,,-47931.0,11779.0,1.244,0.8027298609948083,11679.0,,,0,18201.0,0,2025-07-23,1,34912.0,2022,2022,0.0,1,0.0,0.0
08669890,Cohort B,2022-04-01,2022,0.0,AI & Data Economy,Micro/small,Micro/Small,No,Feasibility Studies,0.0,1.0,1.0,West Midlands,False,,2013-08-30,8.6,West Midlands,Private Limited,1.0,0,0,2021,36553,-151363.0,38685,-1600.0,-112678,2132.0,,,,-152963.0,-114278.0,0.241,3.954064883029598,-114810.0,,,0,62020.0,1,2022-05-30,1,0.0,2022,2022,0.0,0,0.0,0.0
